TimeQuest Timing Analyzer report for project
Mon Dec 15 20:31:09 2025
Quartus II 64-Bit Version 13.0.1 Build 232 06/12/2013 Service Pack 1 SJ Web Edition


---------------------
; Table of Contents ;
---------------------
  1. Legal Notice
  2. TimeQuest Timing Analyzer Summary
  3. Parallel Compilation
  4. Clocks
  5. Slow 1100mV 85C Model Fmax Summary
  6. Timing Closure Recommendations
  7. Slow 1100mV 85C Model Setup Summary
  8. Slow 1100mV 85C Model Hold Summary
  9. Slow 1100mV 85C Model Recovery Summary
 10. Slow 1100mV 85C Model Removal Summary
 11. Slow 1100mV 85C Model Minimum Pulse Width Summary
 12. Clock to Output Times
 13. Minimum Clock to Output Times
 14. Slow 1100mV 85C Model Metastability Report
 15. Slow 1100mV 0C Model Fmax Summary
 16. Slow 1100mV 0C Model Setup Summary
 17. Slow 1100mV 0C Model Hold Summary
 18. Slow 1100mV 0C Model Recovery Summary
 19. Slow 1100mV 0C Model Removal Summary
 20. Slow 1100mV 0C Model Minimum Pulse Width Summary
 21. Clock to Output Times
 22. Minimum Clock to Output Times
 23. Slow 1100mV 0C Model Metastability Report
 24. Fast 1100mV 85C Model Setup Summary
 25. Fast 1100mV 85C Model Hold Summary
 26. Fast 1100mV 85C Model Recovery Summary
 27. Fast 1100mV 85C Model Removal Summary
 28. Fast 1100mV 85C Model Minimum Pulse Width Summary
 29. Clock to Output Times
 30. Minimum Clock to Output Times
 31. Fast 1100mV 85C Model Metastability Report
 32. Fast 1100mV 0C Model Setup Summary
 33. Fast 1100mV 0C Model Hold Summary
 34. Fast 1100mV 0C Model Recovery Summary
 35. Fast 1100mV 0C Model Removal Summary
 36. Fast 1100mV 0C Model Minimum Pulse Width Summary
 37. Clock to Output Times
 38. Minimum Clock to Output Times
 39. Fast 1100mV 0C Model Metastability Report
 40. Multicorner Timing Analysis Summary
 41. Clock to Output Times
 42. Minimum Clock to Output Times
 43. Board Trace Model Assignments
 44. Input Transition Times
 45. Signal Integrity Metrics (Slow 1100mv 0c Model)
 46. Signal Integrity Metrics (Slow 1100mv 85c Model)
 47. Signal Integrity Metrics (Fast 1100mv 0c Model)
 48. Signal Integrity Metrics (Fast 1100mv 85c Model)
 49. Setup Transfers
 50. Hold Transfers
 51. Recovery Transfers
 52. Removal Transfers
 53. Report TCCS
 54. Report RSKM
 55. Unconstrained Paths
 56. TimeQuest Timing Analyzer Messages



----------------
; Legal Notice ;
----------------
Copyright (C) 1991-2013 Altera Corporation
Your use of Altera Corporation's design tools, logic functions 
and other software and tools, and its AMPP partner logic 
functions, and any output files from any of the foregoing 
(including device programming or simulation files), and any 
associated documentation or information are expressly subject 
to the terms and conditions of the Altera Program License 
Subscription Agreement, Altera MegaCore Function License 
Agreement, or other applicable license agreement, including, 
without limitation, that your use is for the sole purpose of 
programming logic devices manufactured by Altera and sold by 
Altera or its authorized distributors.  Please refer to the 
applicable agreement for further details.



+----------------------------------------------------------------------------------------+
; TimeQuest Timing Analyzer Summary                                                      ;
+--------------------+-------------------------------------------------------------------+
; Quartus II Version ; Version 13.0.1 Build 232 06/12/2013 Service Pack 1 SJ Web Edition ;
; Revision Name      ; project                                                           ;
; Device Family      ; Cyclone V                                                         ;
; Device Name        ; 5CEBA4F23C7                                                       ;
; Timing Models      ; Final                                                             ;
; Delay Model        ; Combined                                                          ;
; Rise/Fall Delays   ; Enabled                                                           ;
+--------------------+-------------------------------------------------------------------+


Parallel compilation was disabled, but you have multiple processors available. Enable parallel compilation to reduce compilation time.
+-------------------------------------+
; Parallel Compilation                ;
+----------------------------+--------+
; Processors                 ; Number ;
+----------------------------+--------+
; Number detected on machine ; 12     ;
; Maximum allowed            ; 1      ;
+----------------------------+--------+


+--------------------------------------------------------------------------------------------------------------------------------------------------------------------------------------------+
; Clocks                                                                                                                                                                                     ;
+--------------+------+--------+------------+-------+-------+------------+-----------+-------------+-------+--------+-----------+------------+----------+--------+--------+------------------+
; Clock Name   ; Type ; Period ; Frequency  ; Rise  ; Fall  ; Duty Cycle ; Divide by ; Multiply by ; Phase ; Offset ; Edge List ; Edge Shift ; Inverted ; Master ; Source ; Targets          ;
+--------------+------+--------+------------+-------+-------+------------+-----------+-------------+-------+--------+-----------+------------+----------+--------+--------+------------------+
; CLOCK_50     ; Base ; 1.000  ; 1000.0 MHz ; 0.000 ; 0.500 ;            ;           ;             ;       ;        ;           ;            ;          ;        ;        ; { CLOCK_50 }     ;
; VGA_CLK~reg0 ; Base ; 1.000  ; 1000.0 MHz ; 0.000 ; 0.500 ;            ;           ;             ;       ;        ;           ;            ;          ;        ;        ; { VGA_CLK~reg0 } ;
+--------------+------+--------+------------+-------+-------+------------+-----------+-------------+-------+--------+-----------+------------+----------+--------+--------+------------------+


+----------------------------------------------------+
; Slow 1100mV 85C Model Fmax Summary                 ;
+------------+-----------------+--------------+------+
; Fmax       ; Restricted Fmax ; Clock Name   ; Note ;
+------------+-----------------+--------------+------+
; 82.52 MHz  ; 82.52 MHz       ; CLOCK_50     ;      ;
; 193.27 MHz ; 193.27 MHz      ; VGA_CLK~reg0 ;      ;
+------------+-----------------+--------------+------+
This panel reports FMAX for every clock in the design, regardless of the user-specified clock periods.  FMAX is only computed for paths where the source and destination registers or ports are driven by the same clock.  Paths of different clocks, including generated clocks, are ignored.  For paths between a clock and its inversion, FMAX is computed as if the rising and falling edges are scaled along with FMAX, such that the duty cycle (in terms of a percentage) is maintained. Altera recommends that you always use clock constraints and other slack reports for sign-off analysis.


----------------------------------
; Timing Closure Recommendations ;
----------------------------------
HTML report is unavailable in plain text report export.


+----------------------------------------+
; Slow 1100mV 85C Model Setup Summary    ;
+--------------+---------+---------------+
; Clock        ; Slack   ; End Point TNS ;
+--------------+---------+---------------+
; CLOCK_50     ; -11.119 ; -11963.899    ;
; VGA_CLK~reg0 ; -4.174  ; -131.931      ;
+--------------+---------+---------------+


+---------------------------------------+
; Slow 1100mV 85C Model Hold Summary    ;
+--------------+--------+---------------+
; Clock        ; Slack  ; End Point TNS ;
+--------------+--------+---------------+
; CLOCK_50     ; -1.271 ; -6.257        ;
; VGA_CLK~reg0 ; 0.424  ; 0.000         ;
+--------------+--------+---------------+


+----------------------------------------+
; Slow 1100mV 85C Model Recovery Summary ;
+--------------+--------+----------------+
; Clock        ; Slack  ; End Point TNS  ;
+--------------+--------+----------------+
; VGA_CLK~reg0 ; -3.500 ; -103.504       ;
+--------------+--------+----------------+


+---------------------------------------+
; Slow 1100mV 85C Model Removal Summary ;
+--------------+-------+----------------+
; Clock        ; Slack ; End Point TNS  ;
+--------------+-------+----------------+
; VGA_CLK~reg0 ; 2.281 ; 0.000          ;
+--------------+-------+----------------+


+---------------------------------------------------+
; Slow 1100mV 85C Model Minimum Pulse Width Summary ;
+--------------+--------+---------------------------+
; Clock        ; Slack  ; End Point TNS             ;
+--------------+--------+---------------------------+
; CLOCK_50     ; -3.166 ; -1427.324                 ;
; VGA_CLK~reg0 ; -0.538 ; -29.223                   ;
+--------------+--------+---------------------------+


+---------------------------------------------------------------------------+
; Clock to Output Times                                                     ;
+-----------+--------------+--------+--------+------------+-----------------+
; Data Port ; Clock Port   ; Rise   ; Fall   ; Clock Edge ; Clock Reference ;
+-----------+--------------+--------+--------+------------+-----------------+
; HEX0[*]   ; CLOCK_50     ; 10.816 ; 11.389 ; Rise       ; CLOCK_50        ;
;  HEX0[0]  ; CLOCK_50     ; 9.996  ; 10.347 ; Rise       ; CLOCK_50        ;
;  HEX0[1]  ; CLOCK_50     ; 10.601 ; 11.389 ; Rise       ; CLOCK_50        ;
;  HEX0[2]  ; CLOCK_50     ; 10.475 ; 11.180 ; Rise       ; CLOCK_50        ;
;  HEX0[3]  ; CLOCK_50     ; 10.616 ; 11.149 ; Rise       ; CLOCK_50        ;
;  HEX0[4]  ; CLOCK_50     ; 10.077 ; 10.511 ; Rise       ; CLOCK_50        ;
;  HEX0[5]  ; CLOCK_50     ; 10.174 ; 10.401 ; Rise       ; CLOCK_50        ;
;  HEX0[6]  ; CLOCK_50     ; 10.816 ; 10.291 ; Rise       ; CLOCK_50        ;
; HEX1[*]   ; CLOCK_50     ; 11.039 ; 11.056 ; Rise       ; CLOCK_50        ;
;  HEX1[0]  ; CLOCK_50     ; 10.113 ; 10.649 ; Rise       ; CLOCK_50        ;
;  HEX1[1]  ; CLOCK_50     ; 10.370 ; 11.056 ; Rise       ; CLOCK_50        ;
;  HEX1[2]  ; CLOCK_50     ; 9.910  ; 10.305 ; Rise       ; CLOCK_50        ;
;  HEX1[3]  ; CLOCK_50     ; 10.334 ; 11.024 ; Rise       ; CLOCK_50        ;
;  HEX1[4]  ; CLOCK_50     ; 10.399 ; 11.054 ; Rise       ; CLOCK_50        ;
;  HEX1[5]  ; CLOCK_50     ; 10.262 ; 10.784 ; Rise       ; CLOCK_50        ;
;  HEX1[6]  ; CLOCK_50     ; 11.039 ; 10.345 ; Rise       ; CLOCK_50        ;
; HEX2[*]   ; CLOCK_50     ; 10.967 ; 10.920 ; Rise       ; CLOCK_50        ;
;  HEX2[0]  ; CLOCK_50     ; 10.100 ; 10.491 ; Rise       ; CLOCK_50        ;
;  HEX2[1]  ; CLOCK_50     ; 10.020 ; 10.561 ; Rise       ; CLOCK_50        ;
;  HEX2[2]  ; CLOCK_50     ; 9.928  ; 10.475 ; Rise       ; CLOCK_50        ;
;  HEX2[3]  ; CLOCK_50     ; 10.004 ; 10.465 ; Rise       ; CLOCK_50        ;
;  HEX2[4]  ; CLOCK_50     ; 10.091 ; 10.802 ; Rise       ; CLOCK_50        ;
;  HEX2[5]  ; CLOCK_50     ; 10.389 ; 10.920 ; Rise       ; CLOCK_50        ;
;  HEX2[6]  ; CLOCK_50     ; 10.967 ; 10.317 ; Rise       ; CLOCK_50        ;
; HEX3[*]   ; CLOCK_50     ; 13.116 ; 13.056 ; Rise       ; CLOCK_50        ;
;  HEX3[0]  ; CLOCK_50     ; 11.377 ; 11.796 ; Rise       ; CLOCK_50        ;
;  HEX3[1]  ; CLOCK_50     ; 10.806 ; 11.610 ; Rise       ; CLOCK_50        ;
;  HEX3[2]  ; CLOCK_50     ; 11.571 ; 12.042 ; Rise       ; CLOCK_50        ;
;  HEX3[3]  ; CLOCK_50     ; 11.676 ; 12.214 ; Rise       ; CLOCK_50        ;
;  HEX3[4]  ; CLOCK_50     ; 11.642 ; 12.113 ; Rise       ; CLOCK_50        ;
;  HEX3[5]  ; CLOCK_50     ; 12.223 ; 13.056 ; Rise       ; CLOCK_50        ;
;  HEX3[6]  ; CLOCK_50     ; 13.116 ; 12.256 ; Rise       ; CLOCK_50        ;
; HEX4[*]   ; CLOCK_50     ; 10.641 ; 11.371 ; Rise       ; CLOCK_50        ;
;  HEX4[0]  ; CLOCK_50     ; 10.641 ; 11.371 ; Rise       ; CLOCK_50        ;
;  HEX4[1]  ; CLOCK_50     ; 10.484 ; 11.195 ; Rise       ; CLOCK_50        ;
;  HEX4[2]  ; CLOCK_50     ; 9.827  ; 10.231 ; Rise       ; CLOCK_50        ;
;  HEX4[3]  ; CLOCK_50     ; 10.471 ; 11.102 ; Rise       ; CLOCK_50        ;
;  HEX4[4]  ; CLOCK_50     ; 9.528  ; 9.795  ; Rise       ; CLOCK_50        ;
;  HEX4[5]  ; CLOCK_50     ; 9.597  ; 9.871  ; Rise       ; CLOCK_50        ;
;  HEX4[6]  ; CLOCK_50     ; 10.001 ; 9.537  ; Rise       ; CLOCK_50        ;
; HEX5[*]   ; CLOCK_50     ; 11.529 ; 11.040 ; Rise       ; CLOCK_50        ;
;  HEX5[0]  ; CLOCK_50     ; 9.796  ; 10.143 ; Rise       ; CLOCK_50        ;
;  HEX5[1]  ; CLOCK_50     ; 9.476  ; 9.893  ; Rise       ; CLOCK_50        ;
;  HEX5[2]  ; CLOCK_50     ; 10.042 ; 10.424 ; Rise       ; CLOCK_50        ;
;  HEX5[3]  ; CLOCK_50     ; 10.482 ; 11.040 ; Rise       ; CLOCK_50        ;
;  HEX5[4]  ; CLOCK_50     ; 9.870  ; 10.417 ; Rise       ; CLOCK_50        ;
;  HEX5[5]  ; CLOCK_50     ; 9.947  ; 10.484 ; Rise       ; CLOCK_50        ;
;  HEX5[6]  ; CLOCK_50     ; 11.529 ; 10.760 ; Rise       ; CLOCK_50        ;
; LEDR[*]   ; CLOCK_50     ; 10.156 ; 11.119 ; Rise       ; CLOCK_50        ;
;  LEDR[0]  ; CLOCK_50     ; 9.407  ; 10.100 ; Rise       ; CLOCK_50        ;
;  LEDR[1]  ; CLOCK_50     ; 10.156 ; 11.119 ; Rise       ; CLOCK_50        ;
;  LEDR[2]  ; CLOCK_50     ; 9.217  ; 9.614  ; Rise       ; CLOCK_50        ;
;  LEDR[3]  ; CLOCK_50     ; 9.715  ; 10.485 ; Rise       ; CLOCK_50        ;
;  LEDR[4]  ; CLOCK_50     ; 9.497  ; 10.144 ; Rise       ; CLOCK_50        ;
;  LEDR[5]  ; CLOCK_50     ; 8.896  ; 9.116  ; Rise       ; CLOCK_50        ;
;  LEDR[6]  ; CLOCK_50     ; 9.526  ; 10.191 ; Rise       ; CLOCK_50        ;
;  LEDR[7]  ; CLOCK_50     ; 9.180  ; 9.664  ; Rise       ; CLOCK_50        ;
;  LEDR[8]  ; CLOCK_50     ; 9.469  ; 10.114 ; Rise       ; CLOCK_50        ;
;  LEDR[9]  ; CLOCK_50     ; 9.984  ; 10.889 ; Rise       ; CLOCK_50        ;
; VGA_B[*]  ; CLOCK_50     ; 15.607 ; 16.802 ; Rise       ; CLOCK_50        ;
;  VGA_B[2] ; CLOCK_50     ; 15.607 ; 16.802 ; Rise       ; CLOCK_50        ;
;  VGA_B[3] ; CLOCK_50     ; 15.129 ; 15.945 ; Rise       ; CLOCK_50        ;
; VGA_G[*]  ; CLOCK_50     ; 15.558 ; 16.948 ; Rise       ; CLOCK_50        ;
;  VGA_G[2] ; CLOCK_50     ; 15.558 ; 16.948 ; Rise       ; CLOCK_50        ;
;  VGA_G[3] ; CLOCK_50     ; 15.030 ; 16.234 ; Rise       ; CLOCK_50        ;
; VGA_R[*]  ; CLOCK_50     ; 15.901 ; 16.997 ; Rise       ; CLOCK_50        ;
;  VGA_R[2] ; CLOCK_50     ; 15.901 ; 16.997 ; Rise       ; CLOCK_50        ;
;  VGA_R[3] ; CLOCK_50     ; 14.858 ; 15.848 ; Rise       ; CLOCK_50        ;
; VGA_B[*]  ; VGA_CLK~reg0 ; 12.025 ; 12.902 ; Rise       ; VGA_CLK~reg0    ;
;  VGA_B[2] ; VGA_CLK~reg0 ; 12.025 ; 12.902 ; Rise       ; VGA_CLK~reg0    ;
;  VGA_B[3] ; VGA_CLK~reg0 ; 10.685 ; 11.053 ; Rise       ; VGA_CLK~reg0    ;
; VGA_CLK   ; VGA_CLK~reg0 ; 6.545  ;        ; Rise       ; VGA_CLK~reg0    ;
; VGA_G[*]  ; VGA_CLK~reg0 ; 11.645 ; 12.614 ; Rise       ; VGA_CLK~reg0    ;
;  VGA_G[2] ; VGA_CLK~reg0 ; 11.645 ; 12.614 ; Rise       ; VGA_CLK~reg0    ;
;  VGA_G[3] ; VGA_CLK~reg0 ; 11.258 ; 11.963 ; Rise       ; VGA_CLK~reg0    ;
; VGA_HS    ; VGA_CLK~reg0 ; 10.796 ; 11.812 ; Rise       ; VGA_CLK~reg0    ;
; VGA_R[*]  ; VGA_CLK~reg0 ; 11.157 ; 11.597 ; Rise       ; VGA_CLK~reg0    ;
;  VGA_R[2] ; VGA_CLK~reg0 ; 11.157 ; 11.597 ; Rise       ; VGA_CLK~reg0    ;
;  VGA_R[3] ; VGA_CLK~reg0 ; 10.521 ; 10.820 ; Rise       ; VGA_CLK~reg0    ;
; VGA_VS    ; VGA_CLK~reg0 ; 9.525  ; 9.879  ; Rise       ; VGA_CLK~reg0    ;
; VGA_CLK   ; VGA_CLK~reg0 ;        ; 7.333  ; Fall       ; VGA_CLK~reg0    ;
+-----------+--------------+--------+--------+------------+-----------------+


+---------------------------------------------------------------------------+
; Minimum Clock to Output Times                                             ;
+-----------+--------------+--------+--------+------------+-----------------+
; Data Port ; Clock Port   ; Rise   ; Fall   ; Clock Edge ; Clock Reference ;
+-----------+--------------+--------+--------+------------+-----------------+
; HEX0[*]   ; CLOCK_50     ; 8.857  ; 8.963  ; Rise       ; CLOCK_50        ;
;  HEX0[0]  ; CLOCK_50     ; 8.857  ; 9.219  ; Rise       ; CLOCK_50        ;
;  HEX0[1]  ; CLOCK_50     ; 9.208  ; 9.744  ; Rise       ; CLOCK_50        ;
;  HEX0[2]  ; CLOCK_50     ; 9.168  ; 9.607  ; Rise       ; CLOCK_50        ;
;  HEX0[3]  ; CLOCK_50     ; 9.199  ; 9.549  ; Rise       ; CLOCK_50        ;
;  HEX0[4]  ; CLOCK_50     ; 9.038  ; 9.388  ; Rise       ; CLOCK_50        ;
;  HEX0[5]  ; CLOCK_50     ; 8.901  ; 9.107  ; Rise       ; CLOCK_50        ;
;  HEX0[6]  ; CLOCK_50     ; 9.381  ; 8.963  ; Rise       ; CLOCK_50        ;
; HEX1[*]   ; CLOCK_50     ; 8.729  ; 9.014  ; Rise       ; CLOCK_50        ;
;  HEX1[0]  ; CLOCK_50     ; 8.827  ; 9.214  ; Rise       ; CLOCK_50        ;
;  HEX1[1]  ; CLOCK_50     ; 9.098  ; 9.611  ; Rise       ; CLOCK_50        ;
;  HEX1[2]  ; CLOCK_50     ; 8.729  ; 9.066  ; Rise       ; CLOCK_50        ;
;  HEX1[3]  ; CLOCK_50     ; 9.031  ; 9.562  ; Rise       ; CLOCK_50        ;
;  HEX1[4]  ; CLOCK_50     ; 8.888  ; 9.426  ; Rise       ; CLOCK_50        ;
;  HEX1[5]  ; CLOCK_50     ; 8.979  ; 9.387  ; Rise       ; CLOCK_50        ;
;  HEX1[6]  ; CLOCK_50     ; 9.478  ; 9.014  ; Rise       ; CLOCK_50        ;
; HEX2[*]   ; CLOCK_50     ; 8.519  ; 8.871  ; Rise       ; CLOCK_50        ;
;  HEX2[0]  ; CLOCK_50     ; 8.591  ; 8.871  ; Rise       ; CLOCK_50        ;
;  HEX2[1]  ; CLOCK_50     ; 8.743  ; 9.153  ; Rise       ; CLOCK_50        ;
;  HEX2[2]  ; CLOCK_50     ; 8.519  ; 8.911  ; Rise       ; CLOCK_50        ;
;  HEX2[3]  ; CLOCK_50     ; 8.522  ; 8.905  ; Rise       ; CLOCK_50        ;
;  HEX2[4]  ; CLOCK_50     ; 8.647  ; 9.065  ; Rise       ; CLOCK_50        ;
;  HEX2[5]  ; CLOCK_50     ; 9.086  ; 9.476  ; Rise       ; CLOCK_50        ;
;  HEX2[6]  ; CLOCK_50     ; 9.510  ; 8.982  ; Rise       ; CLOCK_50        ;
; HEX3[*]   ; CLOCK_50     ; 8.429  ; 8.677  ; Rise       ; CLOCK_50        ;
;  HEX3[0]  ; CLOCK_50     ; 8.501  ; 8.798  ; Rise       ; CLOCK_50        ;
;  HEX3[1]  ; CLOCK_50     ; 8.429  ; 8.677  ; Rise       ; CLOCK_50        ;
;  HEX3[2]  ; CLOCK_50     ; 8.715  ; 9.034  ; Rise       ; CLOCK_50        ;
;  HEX3[3]  ; CLOCK_50     ; 8.797  ; 9.237  ; Rise       ; CLOCK_50        ;
;  HEX3[4]  ; CLOCK_50     ; 8.739  ; 9.127  ; Rise       ; CLOCK_50        ;
;  HEX3[5]  ; CLOCK_50     ; 9.255  ; 9.852  ; Rise       ; CLOCK_50        ;
;  HEX3[6]  ; CLOCK_50     ; 9.904  ; 9.287  ; Rise       ; CLOCK_50        ;
; HEX4[*]   ; CLOCK_50     ; 8.320  ; 8.304  ; Rise       ; CLOCK_50        ;
;  HEX4[0]  ; CLOCK_50     ; 9.279  ; 9.767  ; Rise       ; CLOCK_50        ;
;  HEX4[1]  ; CLOCK_50     ; 9.134  ; 9.694  ; Rise       ; CLOCK_50        ;
;  HEX4[2]  ; CLOCK_50     ; 8.577  ; 8.953  ; Rise       ; CLOCK_50        ;
;  HEX4[3]  ; CLOCK_50     ; 9.103  ; 9.578  ; Rise       ; CLOCK_50        ;
;  HEX4[4]  ; CLOCK_50     ; 8.320  ; 8.500  ; Rise       ; CLOCK_50        ;
;  HEX4[5]  ; CLOCK_50     ; 8.388  ; 8.583  ; Rise       ; CLOCK_50        ;
;  HEX4[6]  ; CLOCK_50     ; 8.710  ; 8.304  ; Rise       ; CLOCK_50        ;
; HEX5[*]   ; CLOCK_50     ; 8.330  ; 8.681  ; Rise       ; CLOCK_50        ;
;  HEX5[0]  ; CLOCK_50     ; 8.573  ; 8.859  ; Rise       ; CLOCK_50        ;
;  HEX5[1]  ; CLOCK_50     ; 8.330  ; 8.681  ; Rise       ; CLOCK_50        ;
;  HEX5[2]  ; CLOCK_50     ; 8.747  ; 9.027  ; Rise       ; CLOCK_50        ;
;  HEX5[3]  ; CLOCK_50     ; 9.144  ; 9.526  ; Rise       ; CLOCK_50        ;
;  HEX5[4]  ; CLOCK_50     ; 8.584  ; 8.900  ; Rise       ; CLOCK_50        ;
;  HEX5[5]  ; CLOCK_50     ; 8.652  ; 8.979  ; Rise       ; CLOCK_50        ;
;  HEX5[6]  ; CLOCK_50     ; 9.884  ; 9.318  ; Rise       ; CLOCK_50        ;
; LEDR[*]   ; CLOCK_50     ; 8.235  ; 8.401  ; Rise       ; CLOCK_50        ;
;  LEDR[0]  ; CLOCK_50     ; 8.622  ; 9.079  ; Rise       ; CLOCK_50        ;
;  LEDR[1]  ; CLOCK_50     ; 9.262  ; 9.876  ; Rise       ; CLOCK_50        ;
;  LEDR[2]  ; CLOCK_50     ; 8.463  ; 8.721  ; Rise       ; CLOCK_50        ;
;  LEDR[3]  ; CLOCK_50     ; 8.845  ; 9.325  ; Rise       ; CLOCK_50        ;
;  LEDR[4]  ; CLOCK_50     ; 8.704  ; 9.132  ; Rise       ; CLOCK_50        ;
;  LEDR[5]  ; CLOCK_50     ; 8.235  ; 8.401  ; Rise       ; CLOCK_50        ;
;  LEDR[6]  ; CLOCK_50     ; 8.710  ; 9.121  ; Rise       ; CLOCK_50        ;
;  LEDR[7]  ; CLOCK_50     ; 8.453  ; 8.805  ; Rise       ; CLOCK_50        ;
;  LEDR[8]  ; CLOCK_50     ; 8.645  ; 9.040  ; Rise       ; CLOCK_50        ;
;  LEDR[9]  ; CLOCK_50     ; 9.087  ; 9.641  ; Rise       ; CLOCK_50        ;
; VGA_B[*]  ; CLOCK_50     ; 11.362 ; 11.785 ; Rise       ; CLOCK_50        ;
;  VGA_B[2] ; CLOCK_50     ; 12.659 ; 13.623 ; Rise       ; CLOCK_50        ;
;  VGA_B[3] ; CLOCK_50     ; 11.362 ; 11.785 ; Rise       ; CLOCK_50        ;
; VGA_G[*]  ; CLOCK_50     ; 11.923 ; 12.667 ; Rise       ; CLOCK_50        ;
;  VGA_G[2] ; CLOCK_50     ; 12.286 ; 13.342 ; Rise       ; CLOCK_50        ;
;  VGA_G[3] ; CLOCK_50     ; 11.923 ; 12.667 ; Rise       ; CLOCK_50        ;
; VGA_R[*]  ; CLOCK_50     ; 11.399 ; 11.860 ; Rise       ; CLOCK_50        ;
;  VGA_R[2] ; CLOCK_50     ; 11.766 ; 12.399 ; Rise       ; CLOCK_50        ;
;  VGA_R[3] ; CLOCK_50     ; 11.399 ; 11.860 ; Rise       ; CLOCK_50        ;
; VGA_B[*]  ; VGA_CLK~reg0 ; 8.097  ; 8.342  ; Rise       ; VGA_CLK~reg0    ;
;  VGA_B[2] ; VGA_CLK~reg0 ; 9.033  ; 9.707  ; Rise       ; VGA_CLK~reg0    ;
;  VGA_B[3] ; VGA_CLK~reg0 ; 8.097  ; 8.342  ; Rise       ; VGA_CLK~reg0    ;
; VGA_CLK   ; VGA_CLK~reg0 ; 6.053  ;        ; Rise       ; VGA_CLK~reg0    ;
; VGA_G[*]  ; VGA_CLK~reg0 ; 8.621  ; 9.185  ; Rise       ; VGA_CLK~reg0    ;
;  VGA_G[2] ; VGA_CLK~reg0 ; 8.710  ; 9.471  ; Rise       ; VGA_CLK~reg0    ;
;  VGA_G[3] ; VGA_CLK~reg0 ; 8.621  ; 9.185  ; Rise       ; VGA_CLK~reg0    ;
; VGA_HS    ; VGA_CLK~reg0 ; 8.571  ; 9.377  ; Rise       ; VGA_CLK~reg0    ;
; VGA_R[*]  ; VGA_CLK~reg0 ; 7.968  ; 8.171  ; Rise       ; VGA_CLK~reg0    ;
;  VGA_R[2] ; VGA_CLK~reg0 ; 8.282  ; 8.644  ; Rise       ; VGA_CLK~reg0    ;
;  VGA_R[3] ; VGA_CLK~reg0 ; 7.968  ; 8.171  ; Rise       ; VGA_CLK~reg0    ;
; VGA_VS    ; VGA_CLK~reg0 ; 7.456  ; 7.741  ; Rise       ; VGA_CLK~reg0    ;
; VGA_CLK   ; VGA_CLK~reg0 ;        ; 6.648  ; Fall       ; VGA_CLK~reg0    ;
+-----------+--------------+--------+--------+------------+-----------------+


----------------------------------------------
; Slow 1100mV 85C Model Metastability Report ;
----------------------------------------------
No synchronizer chains to report.


+----------------------------------------------------+
; Slow 1100mV 0C Model Fmax Summary                  ;
+------------+-----------------+--------------+------+
; Fmax       ; Restricted Fmax ; Clock Name   ; Note ;
+------------+-----------------+--------------+------+
; 84.02 MHz  ; 84.02 MHz       ; CLOCK_50     ;      ;
; 205.09 MHz ; 205.09 MHz      ; VGA_CLK~reg0 ;      ;
+------------+-----------------+--------------+------+
This panel reports FMAX for every clock in the design, regardless of the user-specified clock periods.  FMAX is only computed for paths where the source and destination registers or ports are driven by the same clock.  Paths of different clocks, including generated clocks, are ignored.  For paths between a clock and its inversion, FMAX is computed as if the rising and falling edges are scaled along with FMAX, such that the duty cycle (in terms of a percentage) is maintained. Altera recommends that you always use clock constraints and other slack reports for sign-off analysis.


+----------------------------------------+
; Slow 1100mV 0C Model Setup Summary     ;
+--------------+---------+---------------+
; Clock        ; Slack   ; End Point TNS ;
+--------------+---------+---------------+
; CLOCK_50     ; -10.902 ; -11796.006    ;
; VGA_CLK~reg0 ; -3.876  ; -123.917      ;
+--------------+---------+---------------+


+---------------------------------------+
; Slow 1100mV 0C Model Hold Summary     ;
+--------------+--------+---------------+
; Clock        ; Slack  ; End Point TNS ;
+--------------+--------+---------------+
; CLOCK_50     ; -1.283 ; -8.683        ;
; VGA_CLK~reg0 ; 0.482  ; 0.000         ;
+--------------+--------+---------------+


+---------------------------------------+
; Slow 1100mV 0C Model Recovery Summary ;
+--------------+--------+---------------+
; Clock        ; Slack  ; End Point TNS ;
+--------------+--------+---------------+
; VGA_CLK~reg0 ; -3.698 ; -108.999      ;
+--------------+--------+---------------+


+--------------------------------------+
; Slow 1100mV 0C Model Removal Summary ;
+--------------+-------+---------------+
; Clock        ; Slack ; End Point TNS ;
+--------------+-------+---------------+
; VGA_CLK~reg0 ; 2.392 ; 0.000         ;
+--------------+-------+---------------+


+--------------------------------------------------+
; Slow 1100mV 0C Model Minimum Pulse Width Summary ;
+--------------+--------+--------------------------+
; Clock        ; Slack  ; End Point TNS            ;
+--------------+--------+--------------------------+
; CLOCK_50     ; -3.166 ; -1436.195                ;
; VGA_CLK~reg0 ; -0.538 ; -29.347                  ;
+--------------+--------+--------------------------+


+---------------------------------------------------------------------------+
; Clock to Output Times                                                     ;
+-----------+--------------+--------+--------+------------+-----------------+
; Data Port ; Clock Port   ; Rise   ; Fall   ; Clock Edge ; Clock Reference ;
+-----------+--------------+--------+--------+------------+-----------------+
; HEX0[*]   ; CLOCK_50     ; 10.679 ; 11.210 ; Rise       ; CLOCK_50        ;
;  HEX0[0]  ; CLOCK_50     ; 9.833  ; 10.215 ; Rise       ; CLOCK_50        ;
;  HEX0[1]  ; CLOCK_50     ; 10.441 ; 11.210 ; Rise       ; CLOCK_50        ;
;  HEX0[2]  ; CLOCK_50     ; 10.314 ; 11.022 ; Rise       ; CLOCK_50        ;
;  HEX0[3]  ; CLOCK_50     ; 10.435 ; 11.002 ; Rise       ; CLOCK_50        ;
;  HEX0[4]  ; CLOCK_50     ; 9.917  ; 10.377 ; Rise       ; CLOCK_50        ;
;  HEX0[5]  ; CLOCK_50     ; 9.994  ; 10.269 ; Rise       ; CLOCK_50        ;
;  HEX0[6]  ; CLOCK_50     ; 10.679 ; 10.126 ; Rise       ; CLOCK_50        ;
; HEX1[*]   ; CLOCK_50     ; 10.870 ; 10.898 ; Rise       ; CLOCK_50        ;
;  HEX1[0]  ; CLOCK_50     ; 9.942  ; 10.513 ; Rise       ; CLOCK_50        ;
;  HEX1[1]  ; CLOCK_50     ; 10.213 ; 10.898 ; Rise       ; CLOCK_50        ;
;  HEX1[2]  ; CLOCK_50     ; 9.764  ; 10.199 ; Rise       ; CLOCK_50        ;
;  HEX1[3]  ; CLOCK_50     ; 10.178 ; 10.879 ; Rise       ; CLOCK_50        ;
;  HEX1[4]  ; CLOCK_50     ; 10.224 ; 10.882 ; Rise       ; CLOCK_50        ;
;  HEX1[5]  ; CLOCK_50     ; 10.064 ; 10.621 ; Rise       ; CLOCK_50        ;
;  HEX1[6]  ; CLOCK_50     ; 10.870 ; 10.158 ; Rise       ; CLOCK_50        ;
; HEX2[*]   ; CLOCK_50     ; 10.827 ; 10.763 ; Rise       ; CLOCK_50        ;
;  HEX2[0]  ; CLOCK_50     ; 9.855  ; 10.262 ; Rise       ; CLOCK_50        ;
;  HEX2[1]  ; CLOCK_50     ; 9.855  ; 10.403 ; Rise       ; CLOCK_50        ;
;  HEX2[2]  ; CLOCK_50     ; 9.743  ; 10.334 ; Rise       ; CLOCK_50        ;
;  HEX2[3]  ; CLOCK_50     ; 9.756  ; 10.225 ; Rise       ; CLOCK_50        ;
;  HEX2[4]  ; CLOCK_50     ; 9.913  ; 10.625 ; Rise       ; CLOCK_50        ;
;  HEX2[5]  ; CLOCK_50     ; 10.224 ; 10.763 ; Rise       ; CLOCK_50        ;
;  HEX2[6]  ; CLOCK_50     ; 10.827 ; 10.182 ; Rise       ; CLOCK_50        ;
; HEX3[*]   ; CLOCK_50     ; 12.826 ; 12.770 ; Rise       ; CLOCK_50        ;
;  HEX3[0]  ; CLOCK_50     ; 11.130 ; 11.556 ; Rise       ; CLOCK_50        ;
;  HEX3[1]  ; CLOCK_50     ; 10.565 ; 11.375 ; Rise       ; CLOCK_50        ;
;  HEX3[2]  ; CLOCK_50     ; 11.343 ; 11.803 ; Rise       ; CLOCK_50        ;
;  HEX3[3]  ; CLOCK_50     ; 11.438 ; 11.959 ; Rise       ; CLOCK_50        ;
;  HEX3[4]  ; CLOCK_50     ; 11.395 ; 11.855 ; Rise       ; CLOCK_50        ;
;  HEX3[5]  ; CLOCK_50     ; 11.969 ; 12.770 ; Rise       ; CLOCK_50        ;
;  HEX3[6]  ; CLOCK_50     ; 12.826 ; 12.002 ; Rise       ; CLOCK_50        ;
; HEX4[*]   ; CLOCK_50     ; 10.428 ; 11.192 ; Rise       ; CLOCK_50        ;
;  HEX4[0]  ; CLOCK_50     ; 10.428 ; 11.192 ; Rise       ; CLOCK_50        ;
;  HEX4[1]  ; CLOCK_50     ; 10.356 ; 11.012 ; Rise       ; CLOCK_50        ;
;  HEX4[2]  ; CLOCK_50     ; 9.694  ; 10.117 ; Rise       ; CLOCK_50        ;
;  HEX4[3]  ; CLOCK_50     ; 10.314 ; 10.939 ; Rise       ; CLOCK_50        ;
;  HEX4[4]  ; CLOCK_50     ; 9.412  ; 9.699  ; Rise       ; CLOCK_50        ;
;  HEX4[5]  ; CLOCK_50     ; 9.487  ; 9.777  ; Rise       ; CLOCK_50        ;
;  HEX4[6]  ; CLOCK_50     ; 9.899  ; 9.448  ; Rise       ; CLOCK_50        ;
; HEX5[*]   ; CLOCK_50     ; 11.336 ; 10.865 ; Rise       ; CLOCK_50        ;
;  HEX5[0]  ; CLOCK_50     ; 9.647  ; 10.006 ; Rise       ; CLOCK_50        ;
;  HEX5[1]  ; CLOCK_50     ; 9.362  ; 9.772  ; Rise       ; CLOCK_50        ;
;  HEX5[2]  ; CLOCK_50     ; 9.860  ; 10.277 ; Rise       ; CLOCK_50        ;
;  HEX5[3]  ; CLOCK_50     ; 10.283 ; 10.865 ; Rise       ; CLOCK_50        ;
;  HEX5[4]  ; CLOCK_50     ; 9.728  ; 10.270 ; Rise       ; CLOCK_50        ;
;  HEX5[5]  ; CLOCK_50     ; 9.806  ; 10.331 ; Rise       ; CLOCK_50        ;
;  HEX5[6]  ; CLOCK_50     ; 11.336 ; 10.597 ; Rise       ; CLOCK_50        ;
; LEDR[*]   ; CLOCK_50     ; 9.899  ; 10.848 ; Rise       ; CLOCK_50        ;
;  LEDR[0]  ; CLOCK_50     ; 9.210  ; 9.900  ; Rise       ; CLOCK_50        ;
;  LEDR[1]  ; CLOCK_50     ; 9.899  ; 10.848 ; Rise       ; CLOCK_50        ;
;  LEDR[2]  ; CLOCK_50     ; 8.997  ; 9.418  ; Rise       ; CLOCK_50        ;
;  LEDR[3]  ; CLOCK_50     ; 9.455  ; 10.216 ; Rise       ; CLOCK_50        ;
;  LEDR[4]  ; CLOCK_50     ; 9.302  ; 9.952  ; Rise       ; CLOCK_50        ;
;  LEDR[5]  ; CLOCK_50     ; 8.683  ; 8.974  ; Rise       ; CLOCK_50        ;
;  LEDR[6]  ; CLOCK_50     ; 9.315  ; 9.966  ; Rise       ; CLOCK_50        ;
;  LEDR[7]  ; CLOCK_50     ; 8.990  ; 9.473  ; Rise       ; CLOCK_50        ;
;  LEDR[8]  ; CLOCK_50     ; 9.256  ; 9.898  ; Rise       ; CLOCK_50        ;
;  LEDR[9]  ; CLOCK_50     ; 9.737  ; 10.620 ; Rise       ; CLOCK_50        ;
; VGA_B[*]  ; CLOCK_50     ; 15.369 ; 16.639 ; Rise       ; CLOCK_50        ;
;  VGA_B[2] ; CLOCK_50     ; 15.369 ; 16.639 ; Rise       ; CLOCK_50        ;
;  VGA_B[3] ; CLOCK_50     ; 14.993 ; 15.911 ; Rise       ; CLOCK_50        ;
; VGA_G[*]  ; CLOCK_50     ; 15.386 ; 16.826 ; Rise       ; CLOCK_50        ;
;  VGA_G[2] ; CLOCK_50     ; 15.386 ; 16.826 ; Rise       ; CLOCK_50        ;
;  VGA_G[3] ; CLOCK_50     ; 14.827 ; 16.103 ; Rise       ; CLOCK_50        ;
; VGA_R[*]  ; CLOCK_50     ; 15.645 ; 16.875 ; Rise       ; CLOCK_50        ;
;  VGA_R[2] ; CLOCK_50     ; 15.645 ; 16.875 ; Rise       ; CLOCK_50        ;
;  VGA_R[3] ; CLOCK_50     ; 14.619 ; 15.713 ; Rise       ; CLOCK_50        ;
; VGA_B[*]  ; VGA_CLK~reg0 ; 11.494 ; 12.409 ; Rise       ; VGA_CLK~reg0    ;
;  VGA_B[2] ; VGA_CLK~reg0 ; 11.494 ; 12.409 ; Rise       ; VGA_CLK~reg0    ;
;  VGA_B[3] ; VGA_CLK~reg0 ; 10.178 ; 10.577 ; Rise       ; VGA_CLK~reg0    ;
; VGA_CLK   ; VGA_CLK~reg0 ; 6.194  ;        ; Rise       ; VGA_CLK~reg0    ;
; VGA_G[*]  ; VGA_CLK~reg0 ; 11.117 ; 12.051 ; Rise       ; VGA_CLK~reg0    ;
;  VGA_G[2] ; VGA_CLK~reg0 ; 11.117 ; 12.051 ; Rise       ; VGA_CLK~reg0    ;
;  VGA_G[3] ; VGA_CLK~reg0 ; 10.751 ; 11.472 ; Rise       ; VGA_CLK~reg0    ;
; VGA_HS    ; VGA_CLK~reg0 ; 10.283 ; 11.297 ; Rise       ; VGA_CLK~reg0    ;
; VGA_R[*]  ; VGA_CLK~reg0 ; 10.594 ; 11.087 ; Rise       ; VGA_CLK~reg0    ;
;  VGA_R[2] ; VGA_CLK~reg0 ; 10.594 ; 11.087 ; Rise       ; VGA_CLK~reg0    ;
;  VGA_R[3] ; VGA_CLK~reg0 ; 10.026 ; 10.382 ; Rise       ; VGA_CLK~reg0    ;
; VGA_VS    ; VGA_CLK~reg0 ; 9.052  ; 9.462  ; Rise       ; VGA_CLK~reg0    ;
; VGA_CLK   ; VGA_CLK~reg0 ;        ; 7.030  ; Fall       ; VGA_CLK~reg0    ;
+-----------+--------------+--------+--------+------------+-----------------+


+---------------------------------------------------------------------------+
; Minimum Clock to Output Times                                             ;
+-----------+--------------+--------+--------+------------+-----------------+
; Data Port ; Clock Port   ; Rise   ; Fall   ; Clock Edge ; Clock Reference ;
+-----------+--------------+--------+--------+------------+-----------------+
; HEX0[*]   ; CLOCK_50     ; 8.649  ; 8.738  ; Rise       ; CLOCK_50        ;
;  HEX0[0]  ; CLOCK_50     ; 8.656  ; 9.011  ; Rise       ; CLOCK_50        ;
;  HEX0[1]  ; CLOCK_50     ; 8.997  ; 9.536  ; Rise       ; CLOCK_50        ;
;  HEX0[2]  ; CLOCK_50     ; 8.971  ; 9.416  ; Rise       ; CLOCK_50        ;
;  HEX0[3]  ; CLOCK_50     ; 8.957  ; 9.360  ; Rise       ; CLOCK_50        ;
;  HEX0[4]  ; CLOCK_50     ; 8.846  ; 9.238  ; Rise       ; CLOCK_50        ;
;  HEX0[5]  ; CLOCK_50     ; 8.649  ; 8.931  ; Rise       ; CLOCK_50        ;
;  HEX0[6]  ; CLOCK_50     ; 9.203  ; 8.738  ; Rise       ; CLOCK_50        ;
; HEX1[*]   ; CLOCK_50     ; 8.496  ; 8.762  ; Rise       ; CLOCK_50        ;
;  HEX1[0]  ; CLOCK_50     ; 8.593  ; 9.033  ; Rise       ; CLOCK_50        ;
;  HEX1[1]  ; CLOCK_50     ; 8.907  ; 9.418  ; Rise       ; CLOCK_50        ;
;  HEX1[2]  ; CLOCK_50     ; 8.496  ; 8.897  ; Rise       ; CLOCK_50        ;
;  HEX1[3]  ; CLOCK_50     ; 8.815  ; 9.372  ; Rise       ; CLOCK_50        ;
;  HEX1[4]  ; CLOCK_50     ; 8.697  ; 9.242  ; Rise       ; CLOCK_50        ;
;  HEX1[5]  ; CLOCK_50     ; 8.792  ; 9.248  ; Rise       ; CLOCK_50        ;
;  HEX1[6]  ; CLOCK_50     ; 9.263  ; 8.762  ; Rise       ; CLOCK_50        ;
; HEX2[*]   ; CLOCK_50     ; 8.327  ; 8.693  ; Rise       ; CLOCK_50        ;
;  HEX2[0]  ; CLOCK_50     ; 8.406  ; 8.693  ; Rise       ; CLOCK_50        ;
;  HEX2[1]  ; CLOCK_50     ; 8.518  ; 8.961  ; Rise       ; CLOCK_50        ;
;  HEX2[2]  ; CLOCK_50     ; 8.327  ; 8.779  ; Rise       ; CLOCK_50        ;
;  HEX2[3]  ; CLOCK_50     ; 8.345  ; 8.731  ; Rise       ; CLOCK_50        ;
;  HEX2[4]  ; CLOCK_50     ; 8.487  ; 8.884  ; Rise       ; CLOCK_50        ;
;  HEX2[5]  ; CLOCK_50     ; 8.887  ; 9.285  ; Rise       ; CLOCK_50        ;
;  HEX2[6]  ; CLOCK_50     ; 9.340  ; 8.793  ; Rise       ; CLOCK_50        ;
; HEX3[*]   ; CLOCK_50     ; 8.236  ; 8.489  ; Rise       ; CLOCK_50        ;
;  HEX3[0]  ; CLOCK_50     ; 8.292  ; 8.611  ; Rise       ; CLOCK_50        ;
;  HEX3[1]  ; CLOCK_50     ; 8.236  ; 8.489  ; Rise       ; CLOCK_50        ;
;  HEX3[2]  ; CLOCK_50     ; 8.553  ; 8.850  ; Rise       ; CLOCK_50        ;
;  HEX3[3]  ; CLOCK_50     ; 8.602  ; 9.045  ; Rise       ; CLOCK_50        ;
;  HEX3[4]  ; CLOCK_50     ; 8.530  ; 8.945  ; Rise       ; CLOCK_50        ;
;  HEX3[5]  ; CLOCK_50     ; 9.053  ; 9.640  ; Rise       ; CLOCK_50        ;
;  HEX3[6]  ; CLOCK_50     ; 9.686  ; 9.079  ; Rise       ; CLOCK_50        ;
; HEX4[*]   ; CLOCK_50     ; 8.154  ; 8.145  ; Rise       ; CLOCK_50        ;
;  HEX4[0]  ; CLOCK_50     ; 9.000  ; 9.553  ; Rise       ; CLOCK_50        ;
;  HEX4[1]  ; CLOCK_50     ; 8.937  ; 9.480  ; Rise       ; CLOCK_50        ;
;  HEX4[2]  ; CLOCK_50     ; 8.376  ; 8.805  ; Rise       ; CLOCK_50        ;
;  HEX4[3]  ; CLOCK_50     ; 8.883  ; 9.378  ; Rise       ; CLOCK_50        ;
;  HEX4[4]  ; CLOCK_50     ; 8.154  ; 8.340  ; Rise       ; CLOCK_50        ;
;  HEX4[5]  ; CLOCK_50     ; 8.224  ; 8.423  ; Rise       ; CLOCK_50        ;
;  HEX4[6]  ; CLOCK_50     ; 8.545  ; 8.145  ; Rise       ; CLOCK_50        ;
; HEX5[*]   ; CLOCK_50     ; 8.181  ; 8.502  ; Rise       ; CLOCK_50        ;
;  HEX5[0]  ; CLOCK_50     ; 8.358  ; 8.662  ; Rise       ; CLOCK_50        ;
;  HEX5[1]  ; CLOCK_50     ; 8.181  ; 8.502  ; Rise       ; CLOCK_50        ;
;  HEX5[2]  ; CLOCK_50     ; 8.499  ; 8.826  ; Rise       ; CLOCK_50        ;
;  HEX5[3]  ; CLOCK_50     ; 8.880  ; 9.314  ; Rise       ; CLOCK_50        ;
;  HEX5[4]  ; CLOCK_50     ; 8.395  ; 8.730  ; Rise       ; CLOCK_50        ;
;  HEX5[5]  ; CLOCK_50     ; 8.461  ; 8.805  ; Rise       ; CLOCK_50        ;
;  HEX5[6]  ; CLOCK_50     ; 9.672  ; 9.106  ; Rise       ; CLOCK_50        ;
; LEDR[*]   ; CLOCK_50     ; 8.036  ; 8.275  ; Rise       ; CLOCK_50        ;
;  LEDR[0]  ; CLOCK_50     ; 8.460  ; 8.934  ; Rise       ; CLOCK_50        ;
;  LEDR[1]  ; CLOCK_50     ; 9.042  ; 9.692  ; Rise       ; CLOCK_50        ;
;  LEDR[2]  ; CLOCK_50     ; 8.268  ; 8.568  ; Rise       ; CLOCK_50        ;
;  LEDR[3]  ; CLOCK_50     ; 8.621  ; 9.129  ; Rise       ; CLOCK_50        ;
;  LEDR[4]  ; CLOCK_50     ; 8.540  ; 8.994  ; Rise       ; CLOCK_50        ;
;  LEDR[5]  ; CLOCK_50     ; 8.036  ; 8.275  ; Rise       ; CLOCK_50        ;
;  LEDR[6]  ; CLOCK_50     ; 8.533  ; 8.960  ; Rise       ; CLOCK_50        ;
;  LEDR[7]  ; CLOCK_50     ; 8.287  ; 8.665  ; Rise       ; CLOCK_50        ;
;  LEDR[8]  ; CLOCK_50     ; 8.464  ; 8.886  ; Rise       ; CLOCK_50        ;
;  LEDR[9]  ; CLOCK_50     ; 8.878  ; 9.453  ; Rise       ; CLOCK_50        ;
; VGA_B[*]  ; CLOCK_50     ; 11.210 ; 11.705 ; Rise       ; CLOCK_50        ;
;  VGA_B[2] ; CLOCK_50     ; 12.472 ; 13.504 ; Rise       ; CLOCK_50        ;
;  VGA_B[3] ; CLOCK_50     ; 11.210 ; 11.705 ; Rise       ; CLOCK_50        ;
; VGA_G[*]  ; CLOCK_50     ; 11.793 ; 12.611 ; Rise       ; CLOCK_50        ;
;  VGA_G[2] ; CLOCK_50     ; 12.135 ; 13.200 ; Rise       ; CLOCK_50        ;
;  VGA_G[3] ; CLOCK_50     ; 11.793 ; 12.611 ; Rise       ; CLOCK_50        ;
; VGA_R[*]  ; CLOCK_50     ; 11.270 ; 11.795 ; Rise       ; CLOCK_50        ;
;  VGA_R[2] ; CLOCK_50     ; 11.581 ; 12.266 ; Rise       ; CLOCK_50        ;
;  VGA_R[3] ; CLOCK_50     ; 11.270 ; 11.795 ; Rise       ; CLOCK_50        ;
; VGA_B[*]  ; VGA_CLK~reg0 ; 7.701  ; 7.967  ; Rise       ; VGA_CLK~reg0    ;
;  VGA_B[2] ; VGA_CLK~reg0 ; 8.590  ; 9.319  ; Rise       ; VGA_CLK~reg0    ;
;  VGA_B[3] ; VGA_CLK~reg0 ; 7.701  ; 7.967  ; Rise       ; VGA_CLK~reg0    ;
; VGA_CLK   ; VGA_CLK~reg0 ; 5.715  ;        ; Rise       ; VGA_CLK~reg0    ;
; VGA_G[*]  ; VGA_CLK~reg0 ; 8.240  ; 8.811  ; Rise       ; VGA_CLK~reg0    ;
;  VGA_G[2] ; VGA_CLK~reg0 ; 8.260  ; 9.034  ; Rise       ; VGA_CLK~reg0    ;
;  VGA_G[3] ; VGA_CLK~reg0 ; 8.240  ; 8.811  ; Rise       ; VGA_CLK~reg0    ;
; VGA_HS    ; VGA_CLK~reg0 ; 8.094  ; 8.937  ; Rise       ; VGA_CLK~reg0    ;
; VGA_R[*]  ; VGA_CLK~reg0 ; 7.584  ; 7.819  ; Rise       ; VGA_CLK~reg0    ;
;  VGA_R[2] ; VGA_CLK~reg0 ; 7.842  ; 8.252  ; Rise       ; VGA_CLK~reg0    ;
;  VGA_R[3] ; VGA_CLK~reg0 ; 7.584  ; 7.819  ; Rise       ; VGA_CLK~reg0    ;
; VGA_VS    ; VGA_CLK~reg0 ; 7.002  ; 7.340  ; Rise       ; VGA_CLK~reg0    ;
; VGA_CLK   ; VGA_CLK~reg0 ;        ; 6.384  ; Fall       ; VGA_CLK~reg0    ;
+-----------+--------------+--------+--------+------------+-----------------+


---------------------------------------------
; Slow 1100mV 0C Model Metastability Report ;
---------------------------------------------
No synchronizer chains to report.


+---------------------------------------+
; Fast 1100mV 85C Model Setup Summary   ;
+--------------+--------+---------------+
; Clock        ; Slack  ; End Point TNS ;
+--------------+--------+---------------+
; CLOCK_50     ; -6.084 ; -6161.321     ;
; VGA_CLK~reg0 ; -1.912 ; -59.770       ;
+--------------+--------+---------------+


+---------------------------------------+
; Fast 1100mV 85C Model Hold Summary    ;
+--------------+--------+---------------+
; Clock        ; Slack  ; End Point TNS ;
+--------------+--------+---------------+
; CLOCK_50     ; -0.772 ; -5.803        ;
; VGA_CLK~reg0 ; 0.076  ; 0.000         ;
+--------------+--------+---------------+


+----------------------------------------+
; Fast 1100mV 85C Model Recovery Summary ;
+--------------+--------+----------------+
; Clock        ; Slack  ; End Point TNS  ;
+--------------+--------+----------------+
; VGA_CLK~reg0 ; -1.509 ; -44.381        ;
+--------------+--------+----------------+


+---------------------------------------+
; Fast 1100mV 85C Model Removal Summary ;
+--------------+-------+----------------+
; Clock        ; Slack ; End Point TNS  ;
+--------------+-------+----------------+
; VGA_CLK~reg0 ; 1.041 ; 0.000          ;
+--------------+-------+----------------+


+---------------------------------------------------+
; Fast 1100mV 85C Model Minimum Pulse Width Summary ;
+--------------+--------+---------------------------+
; Clock        ; Slack  ; End Point TNS             ;
+--------------+--------+---------------------------+
; CLOCK_50     ; -2.636 ; -484.957                  ;
; VGA_CLK~reg0 ; -0.022 ; -0.348                    ;
+--------------+--------+---------------------------+


+-------------------------------------------------------------------------+
; Clock to Output Times                                                   ;
+-----------+--------------+-------+-------+------------+-----------------+
; Data Port ; Clock Port   ; Rise  ; Fall  ; Clock Edge ; Clock Reference ;
+-----------+--------------+-------+-------+------------+-----------------+
; HEX0[*]   ; CLOCK_50     ; 6.100 ; 6.561 ; Rise       ; CLOCK_50        ;
;  HEX0[0]  ; CLOCK_50     ; 5.412 ; 5.801 ; Rise       ; CLOCK_50        ;
;  HEX0[1]  ; CLOCK_50     ; 5.841 ; 6.561 ; Rise       ; CLOCK_50        ;
;  HEX0[2]  ; CLOCK_50     ; 5.750 ; 6.413 ; Rise       ; CLOCK_50        ;
;  HEX0[3]  ; CLOCK_50     ; 5.733 ; 6.277 ; Rise       ; CLOCK_50        ;
;  HEX0[4]  ; CLOCK_50     ; 5.400 ; 5.853 ; Rise       ; CLOCK_50        ;
;  HEX0[5]  ; CLOCK_50     ; 5.424 ; 5.790 ; Rise       ; CLOCK_50        ;
;  HEX0[6]  ; CLOCK_50     ; 6.100 ; 5.554 ; Rise       ; CLOCK_50        ;
; HEX1[*]   ; CLOCK_50     ; 6.288 ; 6.356 ; Rise       ; CLOCK_50        ;
;  HEX1[0]  ; CLOCK_50     ; 5.495 ; 6.011 ; Rise       ; CLOCK_50        ;
;  HEX1[1]  ; CLOCK_50     ; 5.696 ; 6.356 ; Rise       ; CLOCK_50        ;
;  HEX1[2]  ; CLOCK_50     ; 5.344 ; 5.762 ; Rise       ; CLOCK_50        ;
;  HEX1[3]  ; CLOCK_50     ; 5.654 ; 6.321 ; Rise       ; CLOCK_50        ;
;  HEX1[4]  ; CLOCK_50     ; 5.664 ; 6.327 ; Rise       ; CLOCK_50        ;
;  HEX1[5]  ; CLOCK_50     ; 5.521 ; 6.074 ; Rise       ; CLOCK_50        ;
;  HEX1[6]  ; CLOCK_50     ; 6.288 ; 5.655 ; Rise       ; CLOCK_50        ;
; HEX2[*]   ; CLOCK_50     ; 6.297 ; 6.212 ; Rise       ; CLOCK_50        ;
;  HEX2[0]  ; CLOCK_50     ; 5.528 ; 5.940 ; Rise       ; CLOCK_50        ;
;  HEX2[1]  ; CLOCK_50     ; 5.435 ; 5.978 ; Rise       ; CLOCK_50        ;
;  HEX2[2]  ; CLOCK_50     ; 5.431 ; 5.910 ; Rise       ; CLOCK_50        ;
;  HEX2[3]  ; CLOCK_50     ; 5.518 ; 5.992 ; Rise       ; CLOCK_50        ;
;  HEX2[4]  ; CLOCK_50     ; 5.577 ; 6.177 ; Rise       ; CLOCK_50        ;
;  HEX2[5]  ; CLOCK_50     ; 5.673 ; 6.212 ; Rise       ; CLOCK_50        ;
;  HEX2[6]  ; CLOCK_50     ; 6.297 ; 5.656 ; Rise       ; CLOCK_50        ;
; HEX3[*]   ; CLOCK_50     ; 7.792 ; 7.759 ; Rise       ; CLOCK_50        ;
;  HEX3[0]  ; CLOCK_50     ; 6.414 ; 6.822 ; Rise       ; CLOCK_50        ;
;  HEX3[1]  ; CLOCK_50     ; 5.955 ; 6.708 ; Rise       ; CLOCK_50        ;
;  HEX3[2]  ; CLOCK_50     ; 6.552 ; 7.019 ; Rise       ; CLOCK_50        ;
;  HEX3[3]  ; CLOCK_50     ; 6.616 ; 7.145 ; Rise       ; CLOCK_50        ;
;  HEX3[4]  ; CLOCK_50     ; 6.527 ; 6.997 ; Rise       ; CLOCK_50        ;
;  HEX3[5]  ; CLOCK_50     ; 6.981 ; 7.759 ; Rise       ; CLOCK_50        ;
;  HEX3[6]  ; CLOCK_50     ; 7.792 ; 7.017 ; Rise       ; CLOCK_50        ;
; HEX4[*]   ; CLOCK_50     ; 5.805 ; 6.498 ; Rise       ; CLOCK_50        ;
;  HEX4[0]  ; CLOCK_50     ; 5.766 ; 6.455 ; Rise       ; CLOCK_50        ;
;  HEX4[1]  ; CLOCK_50     ; 5.805 ; 6.498 ; Rise       ; CLOCK_50        ;
;  HEX4[2]  ; CLOCK_50     ; 5.307 ; 5.722 ; Rise       ; CLOCK_50        ;
;  HEX4[3]  ; CLOCK_50     ; 5.730 ; 6.356 ; Rise       ; CLOCK_50        ;
;  HEX4[4]  ; CLOCK_50     ; 5.094 ; 5.428 ; Rise       ; CLOCK_50        ;
;  HEX4[5]  ; CLOCK_50     ; 5.130 ; 5.471 ; Rise       ; CLOCK_50        ;
;  HEX4[6]  ; CLOCK_50     ; 5.663 ; 5.204 ; Rise       ; CLOCK_50        ;
; HEX5[*]   ; CLOCK_50     ; 6.685 ; 6.216 ; Rise       ; CLOCK_50        ;
;  HEX5[0]  ; CLOCK_50     ; 5.284 ; 5.692 ; Rise       ; CLOCK_50        ;
;  HEX5[1]  ; CLOCK_50     ; 5.182 ; 5.609 ; Rise       ; CLOCK_50        ;
;  HEX5[2]  ; CLOCK_50     ; 5.376 ; 5.817 ; Rise       ; CLOCK_50        ;
;  HEX5[3]  ; CLOCK_50     ; 5.645 ; 6.216 ; Rise       ; CLOCK_50        ;
;  HEX5[4]  ; CLOCK_50     ; 5.423 ; 5.951 ; Rise       ; CLOCK_50        ;
;  HEX5[5]  ; CLOCK_50     ; 5.457 ; 5.983 ; Rise       ; CLOCK_50        ;
;  HEX5[6]  ; CLOCK_50     ; 6.685 ; 5.936 ; Rise       ; CLOCK_50        ;
; LEDR[*]   ; CLOCK_50     ; 5.836 ; 6.706 ; Rise       ; CLOCK_50        ;
;  LEDR[0]  ; CLOCK_50     ; 5.119 ; 5.760 ; Rise       ; CLOCK_50        ;
;  LEDR[1]  ; CLOCK_50     ; 5.836 ; 6.706 ; Rise       ; CLOCK_50        ;
;  LEDR[2]  ; CLOCK_50     ; 5.066 ; 5.507 ; Rise       ; CLOCK_50        ;
;  LEDR[3]  ; CLOCK_50     ; 5.272 ; 6.010 ; Rise       ; CLOCK_50        ;
;  LEDR[4]  ; CLOCK_50     ; 5.140 ; 5.763 ; Rise       ; CLOCK_50        ;
;  LEDR[5]  ; CLOCK_50     ; 4.595 ; 4.887 ; Rise       ; CLOCK_50        ;
;  LEDR[6]  ; CLOCK_50     ; 5.176 ; 5.826 ; Rise       ; CLOCK_50        ;
;  LEDR[7]  ; CLOCK_50     ; 4.949 ; 5.437 ; Rise       ; CLOCK_50        ;
;  LEDR[8]  ; CLOCK_50     ; 5.070 ; 5.681 ; Rise       ; CLOCK_50        ;
;  LEDR[9]  ; CLOCK_50     ; 5.690 ; 6.506 ; Rise       ; CLOCK_50        ;
; VGA_B[*]  ; CLOCK_50     ; 8.446 ; 9.557 ; Rise       ; CLOCK_50        ;
;  VGA_B[2] ; CLOCK_50     ; 8.446 ; 9.557 ; Rise       ; CLOCK_50        ;
;  VGA_B[3] ; CLOCK_50     ; 8.126 ; 8.770 ; Rise       ; CLOCK_50        ;
; VGA_G[*]  ; CLOCK_50     ; 8.475 ; 9.667 ; Rise       ; CLOCK_50        ;
;  VGA_G[2] ; CLOCK_50     ; 8.475 ; 9.667 ; Rise       ; CLOCK_50        ;
;  VGA_G[3] ; CLOCK_50     ; 8.107 ; 9.089 ; Rise       ; CLOCK_50        ;
; VGA_R[*]  ; CLOCK_50     ; 8.402 ; 9.378 ; Rise       ; CLOCK_50        ;
;  VGA_R[2] ; CLOCK_50     ; 8.402 ; 9.378 ; Rise       ; CLOCK_50        ;
;  VGA_R[3] ; CLOCK_50     ; 7.893 ; 8.783 ; Rise       ; CLOCK_50        ;
; VGA_B[*]  ; VGA_CLK~reg0 ; 6.617 ; 7.485 ; Rise       ; VGA_CLK~reg0    ;
;  VGA_B[2] ; VGA_CLK~reg0 ; 6.617 ; 7.485 ; Rise       ; VGA_CLK~reg0    ;
;  VGA_B[3] ; VGA_CLK~reg0 ; 5.821 ; 6.160 ; Rise       ; VGA_CLK~reg0    ;
; VGA_CLK   ; VGA_CLK~reg0 ; 3.704 ;       ; Rise       ; VGA_CLK~reg0    ;
; VGA_G[*]  ; VGA_CLK~reg0 ; 6.503 ; 7.393 ; Rise       ; VGA_CLK~reg0    ;
;  VGA_G[2] ; VGA_CLK~reg0 ; 6.503 ; 7.393 ; Rise       ; VGA_CLK~reg0    ;
;  VGA_G[3] ; VGA_CLK~reg0 ; 6.177 ; 6.841 ; Rise       ; VGA_CLK~reg0    ;
; VGA_HS    ; VGA_CLK~reg0 ; 5.977 ; 6.910 ; Rise       ; VGA_CLK~reg0    ;
; VGA_R[*]  ; VGA_CLK~reg0 ; 5.960 ; 6.436 ; Rise       ; VGA_CLK~reg0    ;
;  VGA_R[2] ; VGA_CLK~reg0 ; 5.960 ; 6.436 ; Rise       ; VGA_CLK~reg0    ;
;  VGA_R[3] ; VGA_CLK~reg0 ; 5.578 ; 5.904 ; Rise       ; VGA_CLK~reg0    ;
; VGA_VS    ; VGA_CLK~reg0 ; 5.026 ; 5.405 ; Rise       ; VGA_CLK~reg0    ;
; VGA_CLK   ; VGA_CLK~reg0 ;       ; 4.478 ; Fall       ; VGA_CLK~reg0    ;
+-----------+--------------+-------+-------+------------+-----------------+


+-------------------------------------------------------------------------+
; Minimum Clock to Output Times                                           ;
+-----------+--------------+-------+-------+------------+-----------------+
; Data Port ; Clock Port   ; Rise  ; Fall  ; Clock Edge ; Clock Reference ;
+-----------+--------------+-------+-------+------------+-----------------+
; HEX0[*]   ; CLOCK_50     ; 4.940 ; 5.033 ; Rise       ; CLOCK_50        ;
;  HEX0[0]  ; CLOCK_50     ; 4.963 ; 5.307 ; Rise       ; CLOCK_50        ;
;  HEX0[1]  ; CLOCK_50     ; 5.272 ; 5.823 ; Rise       ; CLOCK_50        ;
;  HEX0[2]  ; CLOCK_50     ; 5.209 ; 5.719 ; Rise       ; CLOCK_50        ;
;  HEX0[3]  ; CLOCK_50     ; 5.156 ; 5.576 ; Rise       ; CLOCK_50        ;
;  HEX0[4]  ; CLOCK_50     ; 4.949 ; 5.343 ; Rise       ; CLOCK_50        ;
;  HEX0[5]  ; CLOCK_50     ; 4.940 ; 5.257 ; Rise       ; CLOCK_50        ;
;  HEX0[6]  ; CLOCK_50     ; 5.505 ; 5.033 ; Rise       ; CLOCK_50        ;
; HEX1[*]   ; CLOCK_50     ; 4.887 ; 5.108 ; Rise       ; CLOCK_50        ;
;  HEX1[0]  ; CLOCK_50     ; 4.982 ; 5.390 ; Rise       ; CLOCK_50        ;
;  HEX1[1]  ; CLOCK_50     ; 5.193 ; 5.743 ; Rise       ; CLOCK_50        ;
;  HEX1[2]  ; CLOCK_50     ; 4.887 ; 5.250 ; Rise       ; CLOCK_50        ;
;  HEX1[3]  ; CLOCK_50     ; 5.147 ; 5.696 ; Rise       ; CLOCK_50        ;
;  HEX1[4]  ; CLOCK_50     ; 5.064 ; 5.600 ; Rise       ; CLOCK_50        ;
;  HEX1[5]  ; CLOCK_50     ; 4.983 ; 5.379 ; Rise       ; CLOCK_50        ;
;  HEX1[6]  ; CLOCK_50     ; 5.587 ; 5.108 ; Rise       ; CLOCK_50        ;
; HEX2[*]   ; CLOCK_50     ; 4.809 ; 5.124 ; Rise       ; CLOCK_50        ;
;  HEX2[0]  ; CLOCK_50     ; 4.830 ; 5.171 ; Rise       ; CLOCK_50        ;
;  HEX2[1]  ; CLOCK_50     ; 4.941 ; 5.387 ; Rise       ; CLOCK_50        ;
;  HEX2[2]  ; CLOCK_50     ; 4.809 ; 5.199 ; Rise       ; CLOCK_50        ;
;  HEX2[3]  ; CLOCK_50     ; 4.867 ; 5.273 ; Rise       ; CLOCK_50        ;
;  HEX2[4]  ; CLOCK_50     ; 4.911 ; 5.370 ; Rise       ; CLOCK_50        ;
;  HEX2[5]  ; CLOCK_50     ; 5.147 ; 5.606 ; Rise       ; CLOCK_50        ;
;  HEX2[6]  ; CLOCK_50     ; 5.669 ; 5.124 ; Rise       ; CLOCK_50        ;
; HEX3[*]   ; CLOCK_50     ; 4.732 ; 5.038 ; Rise       ; CLOCK_50        ;
;  HEX3[0]  ; CLOCK_50     ; 4.803 ; 5.122 ; Rise       ; CLOCK_50        ;
;  HEX3[1]  ; CLOCK_50     ; 4.732 ; 5.038 ; Rise       ; CLOCK_50        ;
;  HEX3[2]  ; CLOCK_50     ; 4.928 ; 5.307 ; Rise       ; CLOCK_50        ;
;  HEX3[3]  ; CLOCK_50     ; 5.014 ; 5.474 ; Rise       ; CLOCK_50        ;
;  HEX3[4]  ; CLOCK_50     ; 4.906 ; 5.287 ; Rise       ; CLOCK_50        ;
;  HEX3[5]  ; CLOCK_50     ; 5.331 ; 5.946 ; Rise       ; CLOCK_50        ;
;  HEX3[6]  ; CLOCK_50     ; 5.972 ; 5.361 ; Rise       ; CLOCK_50        ;
; HEX4[*]   ; CLOCK_50     ; 4.614 ; 4.747 ; Rise       ; CLOCK_50        ;
;  HEX4[0]  ; CLOCK_50     ; 5.224 ; 5.743 ; Rise       ; CLOCK_50        ;
;  HEX4[1]  ; CLOCK_50     ; 5.277 ; 5.834 ; Rise       ; CLOCK_50        ;
;  HEX4[2]  ; CLOCK_50     ; 4.824 ; 5.187 ; Rise       ; CLOCK_50        ;
;  HEX4[3]  ; CLOCK_50     ; 5.182 ; 5.697 ; Rise       ; CLOCK_50        ;
;  HEX4[4]  ; CLOCK_50     ; 4.614 ; 4.909 ; Rise       ; CLOCK_50        ;
;  HEX4[5]  ; CLOCK_50     ; 4.652 ; 4.957 ; Rise       ; CLOCK_50        ;
;  HEX4[6]  ; CLOCK_50     ; 5.154 ; 4.747 ; Rise       ; CLOCK_50        ;
; HEX5[*]   ; CLOCK_50     ; 4.741 ; 5.139 ; Rise       ; CLOCK_50        ;
;  HEX5[0]  ; CLOCK_50     ; 4.820 ; 5.175 ; Rise       ; CLOCK_50        ;
;  HEX5[1]  ; CLOCK_50     ; 4.741 ; 5.139 ; Rise       ; CLOCK_50        ;
;  HEX5[2]  ; CLOCK_50     ; 4.867 ; 5.222 ; Rise       ; CLOCK_50        ;
;  HEX5[3]  ; CLOCK_50     ; 5.112 ; 5.558 ; Rise       ; CLOCK_50        ;
;  HEX5[4]  ; CLOCK_50     ; 4.907 ; 5.271 ; Rise       ; CLOCK_50        ;
;  HEX5[5]  ; CLOCK_50     ; 4.933 ; 5.306 ; Rise       ; CLOCK_50        ;
;  HEX5[6]  ; CLOCK_50     ; 5.948 ; 5.339 ; Rise       ; CLOCK_50        ;
; LEDR[*]   ; CLOCK_50     ; 4.333 ; 4.597 ; Rise       ; CLOCK_50        ;
;  LEDR[0]  ; CLOCK_50     ; 4.768 ; 5.252 ; Rise       ; CLOCK_50        ;
;  LEDR[1]  ; CLOCK_50     ; 5.407 ; 6.033 ; Rise       ; CLOCK_50        ;
;  LEDR[2]  ; CLOCK_50     ; 4.746 ; 5.107 ; Rise       ; CLOCK_50        ;
;  LEDR[3]  ; CLOCK_50     ; 4.868 ; 5.410 ; Rise       ; CLOCK_50        ;
;  LEDR[4]  ; CLOCK_50     ; 4.786 ; 5.262 ; Rise       ; CLOCK_50        ;
;  LEDR[5]  ; CLOCK_50     ; 4.333 ; 4.597 ; Rise       ; CLOCK_50        ;
;  LEDR[6]  ; CLOCK_50     ; 4.812 ; 5.291 ; Rise       ; CLOCK_50        ;
;  LEDR[7]  ; CLOCK_50     ; 4.641 ; 5.038 ; Rise       ; CLOCK_50        ;
;  LEDR[8]  ; CLOCK_50     ; 4.696 ; 5.140 ; Rise       ; CLOCK_50        ;
;  LEDR[9]  ; CLOCK_50     ; 5.261 ; 5.835 ; Rise       ; CLOCK_50        ;
; VGA_B[*]  ; CLOCK_50     ; 6.359 ; 6.779 ; Rise       ; CLOCK_50        ;
;  VGA_B[2] ; CLOCK_50     ; 7.128 ; 8.030 ; Rise       ; CLOCK_50        ;
;  VGA_B[3] ; CLOCK_50     ; 6.359 ; 6.779 ; Rise       ; CLOCK_50        ;
; VGA_G[*]  ; CLOCK_50     ; 6.717 ; 7.449 ; Rise       ; CLOCK_50        ;
;  VGA_G[2] ; CLOCK_50     ; 7.004 ; 7.910 ; Rise       ; CLOCK_50        ;
;  VGA_G[3] ; CLOCK_50     ; 6.717 ; 7.449 ; Rise       ; CLOCK_50        ;
; VGA_R[*]  ; CLOCK_50     ; 6.229 ; 6.663 ; Rise       ; CLOCK_50        ;
;  VGA_R[2] ; CLOCK_50     ; 6.458 ; 7.034 ; Rise       ; CLOCK_50        ;
;  VGA_R[3] ; CLOCK_50     ; 6.229 ; 6.663 ; Rise       ; CLOCK_50        ;
; VGA_B[*]  ; VGA_CLK~reg0 ; 4.380 ; 4.662 ; Rise       ; VGA_CLK~reg0    ;
;  VGA_B[2] ; VGA_CLK~reg0 ; 4.999 ; 5.732 ; Rise       ; VGA_CLK~reg0    ;
;  VGA_B[3] ; VGA_CLK~reg0 ; 4.380 ; 4.662 ; Rise       ; VGA_CLK~reg0    ;
; VGA_CLK   ; VGA_CLK~reg0 ; 3.473 ;       ; Rise       ; VGA_CLK~reg0    ;
; VGA_G[*]  ; VGA_CLK~reg0 ; 4.728 ; 5.330 ; Rise       ; VGA_CLK~reg0    ;
;  VGA_G[2] ; VGA_CLK~reg0 ; 4.941 ; 5.693 ; Rise       ; VGA_CLK~reg0    ;
;  VGA_G[3] ; VGA_CLK~reg0 ; 4.728 ; 5.330 ; Rise       ; VGA_CLK~reg0    ;
; VGA_HS    ; VGA_CLK~reg0 ; 4.879 ; 5.664 ; Rise       ; VGA_CLK~reg0    ;
; VGA_R[*]  ; VGA_CLK~reg0 ; 4.175 ; 4.467 ; Rise       ; VGA_CLK~reg0    ;
;  VGA_R[2] ; VGA_CLK~reg0 ; 4.406 ; 4.842 ; Rise       ; VGA_CLK~reg0    ;
;  VGA_R[3] ; VGA_CLK~reg0 ; 4.175 ; 4.467 ; Rise       ; VGA_CLK~reg0    ;
; VGA_VS    ; VGA_CLK~reg0 ; 4.025 ; 4.364 ; Rise       ; VGA_CLK~reg0    ;
; VGA_CLK   ; VGA_CLK~reg0 ;       ; 4.129 ; Fall       ; VGA_CLK~reg0    ;
+-----------+--------------+-------+-------+------------+-----------------+


----------------------------------------------
; Fast 1100mV 85C Model Metastability Report ;
----------------------------------------------
No synchronizer chains to report.


+---------------------------------------+
; Fast 1100mV 0C Model Setup Summary    ;
+--------------+--------+---------------+
; Clock        ; Slack  ; End Point TNS ;
+--------------+--------+---------------+
; CLOCK_50     ; -5.403 ; -5421.482     ;
; VGA_CLK~reg0 ; -1.600 ; -50.493       ;
+--------------+--------+---------------+


+---------------------------------------+
; Fast 1100mV 0C Model Hold Summary     ;
+--------------+--------+---------------+
; Clock        ; Slack  ; End Point TNS ;
+--------------+--------+---------------+
; CLOCK_50     ; -0.939 ; -7.250        ;
; VGA_CLK~reg0 ; 0.075  ; 0.000         ;
+--------------+--------+---------------+


+---------------------------------------+
; Fast 1100mV 0C Model Recovery Summary ;
+--------------+--------+---------------+
; Clock        ; Slack  ; End Point TNS ;
+--------------+--------+---------------+
; VGA_CLK~reg0 ; -1.492 ; -43.719       ;
+--------------+--------+---------------+


+--------------------------------------+
; Fast 1100mV 0C Model Removal Summary ;
+--------------+-------+---------------+
; Clock        ; Slack ; End Point TNS ;
+--------------+-------+---------------+
; VGA_CLK~reg0 ; 1.060 ; 0.000         ;
+--------------+-------+---------------+


+--------------------------------------------------+
; Fast 1100mV 0C Model Minimum Pulse Width Summary ;
+--------------+--------+--------------------------+
; Clock        ; Slack  ; End Point TNS            ;
+--------------+--------+--------------------------+
; CLOCK_50     ; -2.636 ; -483.115                 ;
; VGA_CLK~reg0 ; -0.003 ; -0.017                   ;
+--------------+--------+--------------------------+


+-------------------------------------------------------------------------+
; Clock to Output Times                                                   ;
+-----------+--------------+-------+-------+------------+-----------------+
; Data Port ; Clock Port   ; Rise  ; Fall  ; Clock Edge ; Clock Reference ;
+-----------+--------------+-------+-------+------------+-----------------+
; HEX0[*]   ; CLOCK_50     ; 5.662 ; 6.045 ; Rise       ; CLOCK_50        ;
;  HEX0[0]  ; CLOCK_50     ; 5.063 ; 5.373 ; Rise       ; CLOCK_50        ;
;  HEX0[1]  ; CLOCK_50     ; 5.502 ; 6.045 ; Rise       ; CLOCK_50        ;
;  HEX0[2]  ; CLOCK_50     ; 5.407 ; 5.917 ; Rise       ; CLOCK_50        ;
;  HEX0[3]  ; CLOCK_50     ; 5.374 ; 5.803 ; Rise       ; CLOCK_50        ;
;  HEX0[4]  ; CLOCK_50     ; 5.060 ; 5.428 ; Rise       ; CLOCK_50        ;
;  HEX0[5]  ; CLOCK_50     ; 5.073 ; 5.363 ; Rise       ; CLOCK_50        ;
;  HEX0[6]  ; CLOCK_50     ; 5.662 ; 5.237 ; Rise       ; CLOCK_50        ;
; HEX1[*]   ; CLOCK_50     ; 5.795 ; 5.850 ; Rise       ; CLOCK_50        ;
;  HEX1[0]  ; CLOCK_50     ; 5.156 ; 5.556 ; Rise       ; CLOCK_50        ;
;  HEX1[1]  ; CLOCK_50     ; 5.356 ; 5.850 ; Rise       ; CLOCK_50        ;
;  HEX1[2]  ; CLOCK_50     ; 5.008 ; 5.342 ; Rise       ; CLOCK_50        ;
;  HEX1[3]  ; CLOCK_50     ; 5.329 ; 5.828 ; Rise       ; CLOCK_50        ;
;  HEX1[4]  ; CLOCK_50     ; 5.333 ; 5.833 ; Rise       ; CLOCK_50        ;
;  HEX1[5]  ; CLOCK_50     ; 5.164 ; 5.595 ; Rise       ; CLOCK_50        ;
;  HEX1[6]  ; CLOCK_50     ; 5.795 ; 5.297 ; Rise       ; CLOCK_50        ;
; HEX2[*]   ; CLOCK_50     ; 5.820 ; 5.742 ; Rise       ; CLOCK_50        ;
;  HEX2[0]  ; CLOCK_50     ; 5.123 ; 5.477 ; Rise       ; CLOCK_50        ;
;  HEX2[1]  ; CLOCK_50     ; 5.114 ; 5.524 ; Rise       ; CLOCK_50        ;
;  HEX2[2]  ; CLOCK_50     ; 5.089 ; 5.471 ; Rise       ; CLOCK_50        ;
;  HEX2[3]  ; CLOCK_50     ; 5.144 ; 5.511 ; Rise       ; CLOCK_50        ;
;  HEX2[4]  ; CLOCK_50     ; 5.213 ; 5.690 ; Rise       ; CLOCK_50        ;
;  HEX2[5]  ; CLOCK_50     ; 5.322 ; 5.742 ; Rise       ; CLOCK_50        ;
;  HEX2[6]  ; CLOCK_50     ; 5.820 ; 5.339 ; Rise       ; CLOCK_50        ;
; HEX3[*]   ; CLOCK_50     ; 7.074 ; 7.050 ; Rise       ; CLOCK_50        ;
;  HEX3[0]  ; CLOCK_50     ; 5.898 ; 6.226 ; Rise       ; CLOCK_50        ;
;  HEX3[1]  ; CLOCK_50     ; 5.513 ; 6.138 ; Rise       ; CLOCK_50        ;
;  HEX3[2]  ; CLOCK_50     ; 6.022 ; 6.401 ; Rise       ; CLOCK_50        ;
;  HEX3[3]  ; CLOCK_50     ; 6.100 ; 6.519 ; Rise       ; CLOCK_50        ;
;  HEX3[4]  ; CLOCK_50     ; 5.986 ; 6.388 ; Rise       ; CLOCK_50        ;
;  HEX3[5]  ; CLOCK_50     ; 6.433 ; 7.050 ; Rise       ; CLOCK_50        ;
;  HEX3[6]  ; CLOCK_50     ; 7.074 ; 6.469 ; Rise       ; CLOCK_50        ;
; HEX4[*]   ; CLOCK_50     ; 5.442 ; 5.974 ; Rise       ; CLOCK_50        ;
;  HEX4[0]  ; CLOCK_50     ; 5.404 ; 5.944 ; Rise       ; CLOCK_50        ;
;  HEX4[1]  ; CLOCK_50     ; 5.442 ; 5.974 ; Rise       ; CLOCK_50        ;
;  HEX4[2]  ; CLOCK_50     ; 4.963 ; 5.305 ; Rise       ; CLOCK_50        ;
;  HEX4[3]  ; CLOCK_50     ; 5.355 ; 5.855 ; Rise       ; CLOCK_50        ;
;  HEX4[4]  ; CLOCK_50     ; 4.760 ; 5.052 ; Rise       ; CLOCK_50        ;
;  HEX4[5]  ; CLOCK_50     ; 4.798 ; 5.095 ; Rise       ; CLOCK_50        ;
;  HEX4[6]  ; CLOCK_50     ; 5.250 ; 4.896 ; Rise       ; CLOCK_50        ;
; HEX5[*]   ; CLOCK_50     ; 6.143 ; 5.725 ; Rise       ; CLOCK_50        ;
;  HEX5[0]  ; CLOCK_50     ; 4.925 ; 5.267 ; Rise       ; CLOCK_50        ;
;  HEX5[1]  ; CLOCK_50     ; 4.870 ; 5.201 ; Rise       ; CLOCK_50        ;
;  HEX5[2]  ; CLOCK_50     ; 5.012 ; 5.379 ; Rise       ; CLOCK_50        ;
;  HEX5[3]  ; CLOCK_50     ; 5.258 ; 5.725 ; Rise       ; CLOCK_50        ;
;  HEX5[4]  ; CLOCK_50     ; 5.115 ; 5.507 ; Rise       ; CLOCK_50        ;
;  HEX5[5]  ; CLOCK_50     ; 5.158 ; 5.544 ; Rise       ; CLOCK_50        ;
;  HEX5[6]  ; CLOCK_50     ; 6.143 ; 5.546 ; Rise       ; CLOCK_50        ;
; LEDR[*]   ; CLOCK_50     ; 5.457 ; 6.111 ; Rise       ; CLOCK_50        ;
;  LEDR[0]  ; CLOCK_50     ; 4.812 ; 5.288 ; Rise       ; CLOCK_50        ;
;  LEDR[1]  ; CLOCK_50     ; 5.457 ; 6.111 ; Rise       ; CLOCK_50        ;
;  LEDR[2]  ; CLOCK_50     ; 4.737 ; 5.107 ; Rise       ; CLOCK_50        ;
;  LEDR[3]  ; CLOCK_50     ; 4.900 ; 5.491 ; Rise       ; CLOCK_50        ;
;  LEDR[4]  ; CLOCK_50     ; 4.826 ; 5.286 ; Rise       ; CLOCK_50        ;
;  LEDR[5]  ; CLOCK_50     ; 4.285 ; 4.534 ; Rise       ; CLOCK_50        ;
;  LEDR[6]  ; CLOCK_50     ; 4.817 ; 5.333 ; Rise       ; CLOCK_50        ;
;  LEDR[7]  ; CLOCK_50     ; 4.619 ; 4.995 ; Rise       ; CLOCK_50        ;
;  LEDR[8]  ; CLOCK_50     ; 4.763 ; 5.220 ; Rise       ; CLOCK_50        ;
;  LEDR[9]  ; CLOCK_50     ; 5.320 ; 5.937 ; Rise       ; CLOCK_50        ;
; VGA_B[*]  ; CLOCK_50     ; 7.969 ; 8.880 ; Rise       ; CLOCK_50        ;
;  VGA_B[2] ; CLOCK_50     ; 7.969 ; 8.880 ; Rise       ; CLOCK_50        ;
;  VGA_B[3] ; CLOCK_50     ; 7.652 ; 8.240 ; Rise       ; CLOCK_50        ;
; VGA_G[*]  ; CLOCK_50     ; 8.016 ; 8.981 ; Rise       ; CLOCK_50        ;
;  VGA_G[2] ; CLOCK_50     ; 8.016 ; 8.981 ; Rise       ; CLOCK_50        ;
;  VGA_G[3] ; CLOCK_50     ; 7.668 ; 8.472 ; Rise       ; CLOCK_50        ;
; VGA_R[*]  ; CLOCK_50     ; 7.887 ; 8.744 ; Rise       ; CLOCK_50        ;
;  VGA_R[2] ; CLOCK_50     ; 7.887 ; 8.744 ; Rise       ; CLOCK_50        ;
;  VGA_R[3] ; CLOCK_50     ; 7.466 ; 8.199 ; Rise       ; CLOCK_50        ;
; VGA_B[*]  ; VGA_CLK~reg0 ; 6.030 ; 6.723 ; Rise       ; VGA_CLK~reg0    ;
;  VGA_B[2] ; VGA_CLK~reg0 ; 6.030 ; 6.723 ; Rise       ; VGA_CLK~reg0    ;
;  VGA_B[3] ; VGA_CLK~reg0 ; 5.272 ; 5.569 ; Rise       ; VGA_CLK~reg0    ;
; VGA_CLK   ; VGA_CLK~reg0 ; 3.383 ;       ; Rise       ; VGA_CLK~reg0    ;
; VGA_G[*]  ; VGA_CLK~reg0 ; 5.938 ; 6.633 ; Rise       ; VGA_CLK~reg0    ;
;  VGA_G[2] ; VGA_CLK~reg0 ; 5.938 ; 6.633 ; Rise       ; VGA_CLK~reg0    ;
;  VGA_G[3] ; VGA_CLK~reg0 ; 5.649 ; 6.178 ; Rise       ; VGA_CLK~reg0    ;
; VGA_HS    ; VGA_CLK~reg0 ; 5.523 ; 6.228 ; Rise       ; VGA_CLK~reg0    ;
; VGA_R[*]  ; VGA_CLK~reg0 ; 5.402 ; 5.816 ; Rise       ; VGA_CLK~reg0    ;
;  VGA_R[2] ; VGA_CLK~reg0 ; 5.402 ; 5.816 ; Rise       ; VGA_CLK~reg0    ;
;  VGA_R[3] ; VGA_CLK~reg0 ; 5.101 ; 5.368 ; Rise       ; VGA_CLK~reg0    ;
; VGA_VS    ; VGA_CLK~reg0 ; 4.611 ; 4.922 ; Rise       ; VGA_CLK~reg0    ;
; VGA_CLK   ; VGA_CLK~reg0 ;       ; 3.993 ; Fall       ; VGA_CLK~reg0    ;
+-----------+--------------+-------+-------+------------+-----------------+


+-------------------------------------------------------------------------+
; Minimum Clock to Output Times                                           ;
+-----------+--------------+-------+-------+------------+-----------------+
; Data Port ; Clock Port   ; Rise  ; Fall  ; Clock Edge ; Clock Reference ;
+-----------+--------------+-------+-------+------------+-----------------+
; HEX0[*]   ; CLOCK_50     ; 4.600 ; 4.731 ; Rise       ; CLOCK_50        ;
;  HEX0[0]  ; CLOCK_50     ; 4.629 ; 4.893 ; Rise       ; CLOCK_50        ;
;  HEX0[1]  ; CLOCK_50     ; 4.950 ; 5.355 ; Rise       ; CLOCK_50        ;
;  HEX0[2]  ; CLOCK_50     ; 4.895 ; 5.271 ; Rise       ; CLOCK_50        ;
;  HEX0[3]  ; CLOCK_50     ; 4.820 ; 5.146 ; Rise       ; CLOCK_50        ;
;  HEX0[4]  ; CLOCK_50     ; 4.631 ; 4.955 ; Rise       ; CLOCK_50        ;
;  HEX0[5]  ; CLOCK_50     ; 4.600 ; 4.859 ; Rise       ; CLOCK_50        ;
;  HEX0[6]  ; CLOCK_50     ; 5.096 ; 4.731 ; Rise       ; CLOCK_50        ;
; HEX1[*]   ; CLOCK_50     ; 4.557 ; 4.769 ; Rise       ; CLOCK_50        ;
;  HEX1[0]  ; CLOCK_50     ; 4.660 ; 4.975 ; Rise       ; CLOCK_50        ;
;  HEX1[1]  ; CLOCK_50     ; 4.874 ; 5.277 ; Rise       ; CLOCK_50        ;
;  HEX1[2]  ; CLOCK_50     ; 4.557 ; 4.848 ; Rise       ; CLOCK_50        ;
;  HEX1[3]  ; CLOCK_50     ; 4.838 ; 5.245 ; Rise       ; CLOCK_50        ;
;  HEX1[4]  ; CLOCK_50     ; 4.765 ; 5.157 ; Rise       ; CLOCK_50        ;
;  HEX1[5]  ; CLOCK_50     ; 4.664 ; 4.966 ; Rise       ; CLOCK_50        ;
;  HEX1[6]  ; CLOCK_50     ; 5.141 ; 4.769 ; Rise       ; CLOCK_50        ;
; HEX2[*]   ; CLOCK_50     ; 4.490 ; 4.778 ; Rise       ; CLOCK_50        ;
;  HEX2[0]  ; CLOCK_50     ; 4.490 ; 4.778 ; Rise       ; CLOCK_50        ;
;  HEX2[1]  ; CLOCK_50     ; 4.640 ; 4.980 ; Rise       ; CLOCK_50        ;
;  HEX2[2]  ; CLOCK_50     ; 4.504 ; 4.810 ; Rise       ; CLOCK_50        ;
;  HEX2[3]  ; CLOCK_50     ; 4.556 ; 4.868 ; Rise       ; CLOCK_50        ;
;  HEX2[4]  ; CLOCK_50     ; 4.597 ; 4.948 ; Rise       ; CLOCK_50        ;
;  HEX2[5]  ; CLOCK_50     ; 4.820 ; 5.167 ; Rise       ; CLOCK_50        ;
;  HEX2[6]  ; CLOCK_50     ; 5.226 ; 4.822 ; Rise       ; CLOCK_50        ;
; HEX3[*]   ; CLOCK_50     ; 4.393 ; 4.651 ; Rise       ; CLOCK_50        ;
;  HEX3[0]  ; CLOCK_50     ; 4.468 ; 4.724 ; Rise       ; CLOCK_50        ;
;  HEX3[1]  ; CLOCK_50     ; 4.393 ; 4.651 ; Rise       ; CLOCK_50        ;
;  HEX3[2]  ; CLOCK_50     ; 4.588 ; 4.888 ; Rise       ; CLOCK_50        ;
;  HEX3[3]  ; CLOCK_50     ; 4.672 ; 5.035 ; Rise       ; CLOCK_50        ;
;  HEX3[4]  ; CLOCK_50     ; 4.546 ; 4.878 ; Rise       ; CLOCK_50        ;
;  HEX3[5]  ; CLOCK_50     ; 4.959 ; 5.444 ; Rise       ; CLOCK_50        ;
;  HEX3[6]  ; CLOCK_50     ; 5.463 ; 4.994 ; Rise       ; CLOCK_50        ;
; HEX4[*]   ; CLOCK_50     ; 4.299 ; 4.441 ; Rise       ; CLOCK_50        ;
;  HEX4[0]  ; CLOCK_50     ; 4.874 ; 5.288 ; Rise       ; CLOCK_50        ;
;  HEX4[1]  ; CLOCK_50     ; 4.924 ; 5.349 ; Rise       ; CLOCK_50        ;
;  HEX4[2]  ; CLOCK_50     ; 4.489 ; 4.797 ; Rise       ; CLOCK_50        ;
;  HEX4[3]  ; CLOCK_50     ; 4.821 ; 5.233 ; Rise       ; CLOCK_50        ;
;  HEX4[4]  ; CLOCK_50     ; 4.299 ; 4.545 ; Rise       ; CLOCK_50        ;
;  HEX4[5]  ; CLOCK_50     ; 4.336 ; 4.593 ; Rise       ; CLOCK_50        ;
;  HEX4[6]  ; CLOCK_50     ; 4.750 ; 4.441 ; Rise       ; CLOCK_50        ;
; HEX5[*]   ; CLOCK_50     ; 4.441 ; 4.732 ; Rise       ; CLOCK_50        ;
;  HEX5[0]  ; CLOCK_50     ; 4.470 ; 4.769 ; Rise       ; CLOCK_50        ;
;  HEX5[1]  ; CLOCK_50     ; 4.441 ; 4.732 ; Rise       ; CLOCK_50        ;
;  HEX5[2]  ; CLOCK_50     ; 4.519 ; 4.821 ; Rise       ; CLOCK_50        ;
;  HEX5[3]  ; CLOCK_50     ; 4.743 ; 5.117 ; Rise       ; CLOCK_50        ;
;  HEX5[4]  ; CLOCK_50     ; 4.610 ; 4.874 ; Rise       ; CLOCK_50        ;
;  HEX5[5]  ; CLOCK_50     ; 4.648 ; 4.917 ; Rise       ; CLOCK_50        ;
;  HEX5[6]  ; CLOCK_50     ; 5.456 ; 4.967 ; Rise       ; CLOCK_50        ;
; LEDR[*]   ; CLOCK_50     ; 4.040 ; 4.260 ; Rise       ; CLOCK_50        ;
;  LEDR[0]  ; CLOCK_50     ; 4.482 ; 4.833 ; Rise       ; CLOCK_50        ;
;  LEDR[1]  ; CLOCK_50     ; 5.059 ; 5.540 ; Rise       ; CLOCK_50        ;
;  LEDR[2]  ; CLOCK_50     ; 4.440 ; 4.743 ; Rise       ; CLOCK_50        ;
;  LEDR[3]  ; CLOCK_50     ; 4.529 ; 4.971 ; Rise       ; CLOCK_50        ;
;  LEDR[4]  ; CLOCK_50     ; 4.494 ; 4.838 ; Rise       ; CLOCK_50        ;
;  LEDR[5]  ; CLOCK_50     ; 4.040 ; 4.260 ; Rise       ; CLOCK_50        ;
;  LEDR[6]  ; CLOCK_50     ; 4.476 ; 4.861 ; Rise       ; CLOCK_50        ;
;  LEDR[7]  ; CLOCK_50     ; 4.328 ; 4.641 ; Rise       ; CLOCK_50        ;
;  LEDR[8]  ; CLOCK_50     ; 4.414 ; 4.744 ; Rise       ; CLOCK_50        ;
;  LEDR[9]  ; CLOCK_50     ; 4.922 ; 5.361 ; Rise       ; CLOCK_50        ;
; VGA_B[*]  ; CLOCK_50     ; 5.957 ; 6.331 ; Rise       ; CLOCK_50        ;
;  VGA_B[2] ; CLOCK_50     ; 6.690 ; 7.438 ; Rise       ; CLOCK_50        ;
;  VGA_B[3] ; CLOCK_50     ; 5.957 ; 6.331 ; Rise       ; CLOCK_50        ;
; VGA_G[*]  ; CLOCK_50     ; 6.332 ; 6.923 ; Rise       ; CLOCK_50        ;
;  VGA_G[2] ; CLOCK_50     ; 6.583 ; 7.320 ; Rise       ; CLOCK_50        ;
;  VGA_G[3] ; CLOCK_50     ; 6.332 ; 6.923 ; Rise       ; CLOCK_50        ;
; VGA_R[*]  ; CLOCK_50     ; 5.888 ; 6.244 ; Rise       ; CLOCK_50        ;
;  VGA_R[2] ; CLOCK_50     ; 6.053 ; 6.547 ; Rise       ; CLOCK_50        ;
;  VGA_R[3] ; CLOCK_50     ; 5.888 ; 6.244 ; Rise       ; CLOCK_50        ;
; VGA_B[*]  ; VGA_CLK~reg0 ; 3.942 ; 4.181 ; Rise       ; VGA_CLK~reg0    ;
;  VGA_B[2] ; VGA_CLK~reg0 ; 4.528 ; 5.125 ; Rise       ; VGA_CLK~reg0    ;
;  VGA_B[3] ; VGA_CLK~reg0 ; 3.942 ; 4.181 ; Rise       ; VGA_CLK~reg0    ;
; VGA_CLK   ; VGA_CLK~reg0 ; 3.176 ;       ; Rise       ; VGA_CLK~reg0    ;
; VGA_G[*]  ; VGA_CLK~reg0 ; 4.306 ; 4.767 ; Rise       ; VGA_CLK~reg0    ;
;  VGA_G[2] ; VGA_CLK~reg0 ; 4.469 ; 5.067 ; Rise       ; VGA_CLK~reg0    ;
;  VGA_G[3] ; VGA_CLK~reg0 ; 4.306 ; 4.767 ; Rise       ; VGA_CLK~reg0    ;
; VGA_HS    ; VGA_CLK~reg0 ; 4.465 ; 5.063 ; Rise       ; VGA_CLK~reg0    ;
; VGA_R[*]  ; VGA_CLK~reg0 ; 3.802 ; 4.019 ; Rise       ; VGA_CLK~reg0    ;
;  VGA_R[2] ; VGA_CLK~reg0 ; 3.962 ; 4.333 ; Rise       ; VGA_CLK~reg0    ;
;  VGA_R[3] ; VGA_CLK~reg0 ; 3.802 ; 4.019 ; Rise       ; VGA_CLK~reg0    ;
; VGA_VS    ; VGA_CLK~reg0 ; 3.644 ; 3.911 ; Rise       ; VGA_CLK~reg0    ;
; VGA_CLK   ; VGA_CLK~reg0 ;       ; 3.690 ; Fall       ; VGA_CLK~reg0    ;
+-----------+--------------+-------+-------+------------+-----------------+


---------------------------------------------
; Fast 1100mV 0C Model Metastability Report ;
---------------------------------------------
No synchronizer chains to report.


+-----------------------------------------------------------------------------------+
; Multicorner Timing Analysis Summary                                               ;
+------------------+------------+--------+----------+---------+---------------------+
; Clock            ; Setup      ; Hold   ; Recovery ; Removal ; Minimum Pulse Width ;
+------------------+------------+--------+----------+---------+---------------------+
; Worst-case Slack ; -11.119    ; -1.283 ; -3.698   ; 1.041   ; -3.166              ;
;  CLOCK_50        ; -11.119    ; -1.283 ; N/A      ; N/A     ; -3.166              ;
;  VGA_CLK~reg0    ; -4.174     ; 0.075  ; -3.698   ; 1.041   ; -0.538              ;
; Design-wide TNS  ; -12095.83  ; -8.683 ; -108.999 ; 0.0     ; -1465.542           ;
;  CLOCK_50        ; -11963.899 ; -8.683 ; N/A      ; N/A     ; -1436.195           ;
;  VGA_CLK~reg0    ; -131.931   ; 0.000  ; -108.999 ; 0.000   ; -29.347             ;
+------------------+------------+--------+----------+---------+---------------------+


+---------------------------------------------------------------------------+
; Clock to Output Times                                                     ;
+-----------+--------------+--------+--------+------------+-----------------+
; Data Port ; Clock Port   ; Rise   ; Fall   ; Clock Edge ; Clock Reference ;
+-----------+--------------+--------+--------+------------+-----------------+
; HEX0[*]   ; CLOCK_50     ; 10.816 ; 11.389 ; Rise       ; CLOCK_50        ;
;  HEX0[0]  ; CLOCK_50     ; 9.996  ; 10.347 ; Rise       ; CLOCK_50        ;
;  HEX0[1]  ; CLOCK_50     ; 10.601 ; 11.389 ; Rise       ; CLOCK_50        ;
;  HEX0[2]  ; CLOCK_50     ; 10.475 ; 11.180 ; Rise       ; CLOCK_50        ;
;  HEX0[3]  ; CLOCK_50     ; 10.616 ; 11.149 ; Rise       ; CLOCK_50        ;
;  HEX0[4]  ; CLOCK_50     ; 10.077 ; 10.511 ; Rise       ; CLOCK_50        ;
;  HEX0[5]  ; CLOCK_50     ; 10.174 ; 10.401 ; Rise       ; CLOCK_50        ;
;  HEX0[6]  ; CLOCK_50     ; 10.816 ; 10.291 ; Rise       ; CLOCK_50        ;
; HEX1[*]   ; CLOCK_50     ; 11.039 ; 11.056 ; Rise       ; CLOCK_50        ;
;  HEX1[0]  ; CLOCK_50     ; 10.113 ; 10.649 ; Rise       ; CLOCK_50        ;
;  HEX1[1]  ; CLOCK_50     ; 10.370 ; 11.056 ; Rise       ; CLOCK_50        ;
;  HEX1[2]  ; CLOCK_50     ; 9.910  ; 10.305 ; Rise       ; CLOCK_50        ;
;  HEX1[3]  ; CLOCK_50     ; 10.334 ; 11.024 ; Rise       ; CLOCK_50        ;
;  HEX1[4]  ; CLOCK_50     ; 10.399 ; 11.054 ; Rise       ; CLOCK_50        ;
;  HEX1[5]  ; CLOCK_50     ; 10.262 ; 10.784 ; Rise       ; CLOCK_50        ;
;  HEX1[6]  ; CLOCK_50     ; 11.039 ; 10.345 ; Rise       ; CLOCK_50        ;
; HEX2[*]   ; CLOCK_50     ; 10.967 ; 10.920 ; Rise       ; CLOCK_50        ;
;  HEX2[0]  ; CLOCK_50     ; 10.100 ; 10.491 ; Rise       ; CLOCK_50        ;
;  HEX2[1]  ; CLOCK_50     ; 10.020 ; 10.561 ; Rise       ; CLOCK_50        ;
;  HEX2[2]  ; CLOCK_50     ; 9.928  ; 10.475 ; Rise       ; CLOCK_50        ;
;  HEX2[3]  ; CLOCK_50     ; 10.004 ; 10.465 ; Rise       ; CLOCK_50        ;
;  HEX2[4]  ; CLOCK_50     ; 10.091 ; 10.802 ; Rise       ; CLOCK_50        ;
;  HEX2[5]  ; CLOCK_50     ; 10.389 ; 10.920 ; Rise       ; CLOCK_50        ;
;  HEX2[6]  ; CLOCK_50     ; 10.967 ; 10.317 ; Rise       ; CLOCK_50        ;
; HEX3[*]   ; CLOCK_50     ; 13.116 ; 13.056 ; Rise       ; CLOCK_50        ;
;  HEX3[0]  ; CLOCK_50     ; 11.377 ; 11.796 ; Rise       ; CLOCK_50        ;
;  HEX3[1]  ; CLOCK_50     ; 10.806 ; 11.610 ; Rise       ; CLOCK_50        ;
;  HEX3[2]  ; CLOCK_50     ; 11.571 ; 12.042 ; Rise       ; CLOCK_50        ;
;  HEX3[3]  ; CLOCK_50     ; 11.676 ; 12.214 ; Rise       ; CLOCK_50        ;
;  HEX3[4]  ; CLOCK_50     ; 11.642 ; 12.113 ; Rise       ; CLOCK_50        ;
;  HEX3[5]  ; CLOCK_50     ; 12.223 ; 13.056 ; Rise       ; CLOCK_50        ;
;  HEX3[6]  ; CLOCK_50     ; 13.116 ; 12.256 ; Rise       ; CLOCK_50        ;
; HEX4[*]   ; CLOCK_50     ; 10.641 ; 11.371 ; Rise       ; CLOCK_50        ;
;  HEX4[0]  ; CLOCK_50     ; 10.641 ; 11.371 ; Rise       ; CLOCK_50        ;
;  HEX4[1]  ; CLOCK_50     ; 10.484 ; 11.195 ; Rise       ; CLOCK_50        ;
;  HEX4[2]  ; CLOCK_50     ; 9.827  ; 10.231 ; Rise       ; CLOCK_50        ;
;  HEX4[3]  ; CLOCK_50     ; 10.471 ; 11.102 ; Rise       ; CLOCK_50        ;
;  HEX4[4]  ; CLOCK_50     ; 9.528  ; 9.795  ; Rise       ; CLOCK_50        ;
;  HEX4[5]  ; CLOCK_50     ; 9.597  ; 9.871  ; Rise       ; CLOCK_50        ;
;  HEX4[6]  ; CLOCK_50     ; 10.001 ; 9.537  ; Rise       ; CLOCK_50        ;
; HEX5[*]   ; CLOCK_50     ; 11.529 ; 11.040 ; Rise       ; CLOCK_50        ;
;  HEX5[0]  ; CLOCK_50     ; 9.796  ; 10.143 ; Rise       ; CLOCK_50        ;
;  HEX5[1]  ; CLOCK_50     ; 9.476  ; 9.893  ; Rise       ; CLOCK_50        ;
;  HEX5[2]  ; CLOCK_50     ; 10.042 ; 10.424 ; Rise       ; CLOCK_50        ;
;  HEX5[3]  ; CLOCK_50     ; 10.482 ; 11.040 ; Rise       ; CLOCK_50        ;
;  HEX5[4]  ; CLOCK_50     ; 9.870  ; 10.417 ; Rise       ; CLOCK_50        ;
;  HEX5[5]  ; CLOCK_50     ; 9.947  ; 10.484 ; Rise       ; CLOCK_50        ;
;  HEX5[6]  ; CLOCK_50     ; 11.529 ; 10.760 ; Rise       ; CLOCK_50        ;
; LEDR[*]   ; CLOCK_50     ; 10.156 ; 11.119 ; Rise       ; CLOCK_50        ;
;  LEDR[0]  ; CLOCK_50     ; 9.407  ; 10.100 ; Rise       ; CLOCK_50        ;
;  LEDR[1]  ; CLOCK_50     ; 10.156 ; 11.119 ; Rise       ; CLOCK_50        ;
;  LEDR[2]  ; CLOCK_50     ; 9.217  ; 9.614  ; Rise       ; CLOCK_50        ;
;  LEDR[3]  ; CLOCK_50     ; 9.715  ; 10.485 ; Rise       ; CLOCK_50        ;
;  LEDR[4]  ; CLOCK_50     ; 9.497  ; 10.144 ; Rise       ; CLOCK_50        ;
;  LEDR[5]  ; CLOCK_50     ; 8.896  ; 9.116  ; Rise       ; CLOCK_50        ;
;  LEDR[6]  ; CLOCK_50     ; 9.526  ; 10.191 ; Rise       ; CLOCK_50        ;
;  LEDR[7]  ; CLOCK_50     ; 9.180  ; 9.664  ; Rise       ; CLOCK_50        ;
;  LEDR[8]  ; CLOCK_50     ; 9.469  ; 10.114 ; Rise       ; CLOCK_50        ;
;  LEDR[9]  ; CLOCK_50     ; 9.984  ; 10.889 ; Rise       ; CLOCK_50        ;
; VGA_B[*]  ; CLOCK_50     ; 15.607 ; 16.802 ; Rise       ; CLOCK_50        ;
;  VGA_B[2] ; CLOCK_50     ; 15.607 ; 16.802 ; Rise       ; CLOCK_50        ;
;  VGA_B[3] ; CLOCK_50     ; 15.129 ; 15.945 ; Rise       ; CLOCK_50        ;
; VGA_G[*]  ; CLOCK_50     ; 15.558 ; 16.948 ; Rise       ; CLOCK_50        ;
;  VGA_G[2] ; CLOCK_50     ; 15.558 ; 16.948 ; Rise       ; CLOCK_50        ;
;  VGA_G[3] ; CLOCK_50     ; 15.030 ; 16.234 ; Rise       ; CLOCK_50        ;
; VGA_R[*]  ; CLOCK_50     ; 15.901 ; 16.997 ; Rise       ; CLOCK_50        ;
;  VGA_R[2] ; CLOCK_50     ; 15.901 ; 16.997 ; Rise       ; CLOCK_50        ;
;  VGA_R[3] ; CLOCK_50     ; 14.858 ; 15.848 ; Rise       ; CLOCK_50        ;
; VGA_B[*]  ; VGA_CLK~reg0 ; 12.025 ; 12.902 ; Rise       ; VGA_CLK~reg0    ;
;  VGA_B[2] ; VGA_CLK~reg0 ; 12.025 ; 12.902 ; Rise       ; VGA_CLK~reg0    ;
;  VGA_B[3] ; VGA_CLK~reg0 ; 10.685 ; 11.053 ; Rise       ; VGA_CLK~reg0    ;
; VGA_CLK   ; VGA_CLK~reg0 ; 6.545  ;        ; Rise       ; VGA_CLK~reg0    ;
; VGA_G[*]  ; VGA_CLK~reg0 ; 11.645 ; 12.614 ; Rise       ; VGA_CLK~reg0    ;
;  VGA_G[2] ; VGA_CLK~reg0 ; 11.645 ; 12.614 ; Rise       ; VGA_CLK~reg0    ;
;  VGA_G[3] ; VGA_CLK~reg0 ; 11.258 ; 11.963 ; Rise       ; VGA_CLK~reg0    ;
; VGA_HS    ; VGA_CLK~reg0 ; 10.796 ; 11.812 ; Rise       ; VGA_CLK~reg0    ;
; VGA_R[*]  ; VGA_CLK~reg0 ; 11.157 ; 11.597 ; Rise       ; VGA_CLK~reg0    ;
;  VGA_R[2] ; VGA_CLK~reg0 ; 11.157 ; 11.597 ; Rise       ; VGA_CLK~reg0    ;
;  VGA_R[3] ; VGA_CLK~reg0 ; 10.521 ; 10.820 ; Rise       ; VGA_CLK~reg0    ;
; VGA_VS    ; VGA_CLK~reg0 ; 9.525  ; 9.879  ; Rise       ; VGA_CLK~reg0    ;
; VGA_CLK   ; VGA_CLK~reg0 ;        ; 7.333  ; Fall       ; VGA_CLK~reg0    ;
+-----------+--------------+--------+--------+------------+-----------------+


+-------------------------------------------------------------------------+
; Minimum Clock to Output Times                                           ;
+-----------+--------------+-------+-------+------------+-----------------+
; Data Port ; Clock Port   ; Rise  ; Fall  ; Clock Edge ; Clock Reference ;
+-----------+--------------+-------+-------+------------+-----------------+
; HEX0[*]   ; CLOCK_50     ; 4.600 ; 4.731 ; Rise       ; CLOCK_50        ;
;  HEX0[0]  ; CLOCK_50     ; 4.629 ; 4.893 ; Rise       ; CLOCK_50        ;
;  HEX0[1]  ; CLOCK_50     ; 4.950 ; 5.355 ; Rise       ; CLOCK_50        ;
;  HEX0[2]  ; CLOCK_50     ; 4.895 ; 5.271 ; Rise       ; CLOCK_50        ;
;  HEX0[3]  ; CLOCK_50     ; 4.820 ; 5.146 ; Rise       ; CLOCK_50        ;
;  HEX0[4]  ; CLOCK_50     ; 4.631 ; 4.955 ; Rise       ; CLOCK_50        ;
;  HEX0[5]  ; CLOCK_50     ; 4.600 ; 4.859 ; Rise       ; CLOCK_50        ;
;  HEX0[6]  ; CLOCK_50     ; 5.096 ; 4.731 ; Rise       ; CLOCK_50        ;
; HEX1[*]   ; CLOCK_50     ; 4.557 ; 4.769 ; Rise       ; CLOCK_50        ;
;  HEX1[0]  ; CLOCK_50     ; 4.660 ; 4.975 ; Rise       ; CLOCK_50        ;
;  HEX1[1]  ; CLOCK_50     ; 4.874 ; 5.277 ; Rise       ; CLOCK_50        ;
;  HEX1[2]  ; CLOCK_50     ; 4.557 ; 4.848 ; Rise       ; CLOCK_50        ;
;  HEX1[3]  ; CLOCK_50     ; 4.838 ; 5.245 ; Rise       ; CLOCK_50        ;
;  HEX1[4]  ; CLOCK_50     ; 4.765 ; 5.157 ; Rise       ; CLOCK_50        ;
;  HEX1[5]  ; CLOCK_50     ; 4.664 ; 4.966 ; Rise       ; CLOCK_50        ;
;  HEX1[6]  ; CLOCK_50     ; 5.141 ; 4.769 ; Rise       ; CLOCK_50        ;
; HEX2[*]   ; CLOCK_50     ; 4.490 ; 4.778 ; Rise       ; CLOCK_50        ;
;  HEX2[0]  ; CLOCK_50     ; 4.490 ; 4.778 ; Rise       ; CLOCK_50        ;
;  HEX2[1]  ; CLOCK_50     ; 4.640 ; 4.980 ; Rise       ; CLOCK_50        ;
;  HEX2[2]  ; CLOCK_50     ; 4.504 ; 4.810 ; Rise       ; CLOCK_50        ;
;  HEX2[3]  ; CLOCK_50     ; 4.556 ; 4.868 ; Rise       ; CLOCK_50        ;
;  HEX2[4]  ; CLOCK_50     ; 4.597 ; 4.948 ; Rise       ; CLOCK_50        ;
;  HEX2[5]  ; CLOCK_50     ; 4.820 ; 5.167 ; Rise       ; CLOCK_50        ;
;  HEX2[6]  ; CLOCK_50     ; 5.226 ; 4.822 ; Rise       ; CLOCK_50        ;
; HEX3[*]   ; CLOCK_50     ; 4.393 ; 4.651 ; Rise       ; CLOCK_50        ;
;  HEX3[0]  ; CLOCK_50     ; 4.468 ; 4.724 ; Rise       ; CLOCK_50        ;
;  HEX3[1]  ; CLOCK_50     ; 4.393 ; 4.651 ; Rise       ; CLOCK_50        ;
;  HEX3[2]  ; CLOCK_50     ; 4.588 ; 4.888 ; Rise       ; CLOCK_50        ;
;  HEX3[3]  ; CLOCK_50     ; 4.672 ; 5.035 ; Rise       ; CLOCK_50        ;
;  HEX3[4]  ; CLOCK_50     ; 4.546 ; 4.878 ; Rise       ; CLOCK_50        ;
;  HEX3[5]  ; CLOCK_50     ; 4.959 ; 5.444 ; Rise       ; CLOCK_50        ;
;  HEX3[6]  ; CLOCK_50     ; 5.463 ; 4.994 ; Rise       ; CLOCK_50        ;
; HEX4[*]   ; CLOCK_50     ; 4.299 ; 4.441 ; Rise       ; CLOCK_50        ;
;  HEX4[0]  ; CLOCK_50     ; 4.874 ; 5.288 ; Rise       ; CLOCK_50        ;
;  HEX4[1]  ; CLOCK_50     ; 4.924 ; 5.349 ; Rise       ; CLOCK_50        ;
;  HEX4[2]  ; CLOCK_50     ; 4.489 ; 4.797 ; Rise       ; CLOCK_50        ;
;  HEX4[3]  ; CLOCK_50     ; 4.821 ; 5.233 ; Rise       ; CLOCK_50        ;
;  HEX4[4]  ; CLOCK_50     ; 4.299 ; 4.545 ; Rise       ; CLOCK_50        ;
;  HEX4[5]  ; CLOCK_50     ; 4.336 ; 4.593 ; Rise       ; CLOCK_50        ;
;  HEX4[6]  ; CLOCK_50     ; 4.750 ; 4.441 ; Rise       ; CLOCK_50        ;
; HEX5[*]   ; CLOCK_50     ; 4.441 ; 4.732 ; Rise       ; CLOCK_50        ;
;  HEX5[0]  ; CLOCK_50     ; 4.470 ; 4.769 ; Rise       ; CLOCK_50        ;
;  HEX5[1]  ; CLOCK_50     ; 4.441 ; 4.732 ; Rise       ; CLOCK_50        ;
;  HEX5[2]  ; CLOCK_50     ; 4.519 ; 4.821 ; Rise       ; CLOCK_50        ;
;  HEX5[3]  ; CLOCK_50     ; 4.743 ; 5.117 ; Rise       ; CLOCK_50        ;
;  HEX5[4]  ; CLOCK_50     ; 4.610 ; 4.874 ; Rise       ; CLOCK_50        ;
;  HEX5[5]  ; CLOCK_50     ; 4.648 ; 4.917 ; Rise       ; CLOCK_50        ;
;  HEX5[6]  ; CLOCK_50     ; 5.456 ; 4.967 ; Rise       ; CLOCK_50        ;
; LEDR[*]   ; CLOCK_50     ; 4.040 ; 4.260 ; Rise       ; CLOCK_50        ;
;  LEDR[0]  ; CLOCK_50     ; 4.482 ; 4.833 ; Rise       ; CLOCK_50        ;
;  LEDR[1]  ; CLOCK_50     ; 5.059 ; 5.540 ; Rise       ; CLOCK_50        ;
;  LEDR[2]  ; CLOCK_50     ; 4.440 ; 4.743 ; Rise       ; CLOCK_50        ;
;  LEDR[3]  ; CLOCK_50     ; 4.529 ; 4.971 ; Rise       ; CLOCK_50        ;
;  LEDR[4]  ; CLOCK_50     ; 4.494 ; 4.838 ; Rise       ; CLOCK_50        ;
;  LEDR[5]  ; CLOCK_50     ; 4.040 ; 4.260 ; Rise       ; CLOCK_50        ;
;  LEDR[6]  ; CLOCK_50     ; 4.476 ; 4.861 ; Rise       ; CLOCK_50        ;
;  LEDR[7]  ; CLOCK_50     ; 4.328 ; 4.641 ; Rise       ; CLOCK_50        ;
;  LEDR[8]  ; CLOCK_50     ; 4.414 ; 4.744 ; Rise       ; CLOCK_50        ;
;  LEDR[9]  ; CLOCK_50     ; 4.922 ; 5.361 ; Rise       ; CLOCK_50        ;
; VGA_B[*]  ; CLOCK_50     ; 5.957 ; 6.331 ; Rise       ; CLOCK_50        ;
;  VGA_B[2] ; CLOCK_50     ; 6.690 ; 7.438 ; Rise       ; CLOCK_50        ;
;  VGA_B[3] ; CLOCK_50     ; 5.957 ; 6.331 ; Rise       ; CLOCK_50        ;
; VGA_G[*]  ; CLOCK_50     ; 6.332 ; 6.923 ; Rise       ; CLOCK_50        ;
;  VGA_G[2] ; CLOCK_50     ; 6.583 ; 7.320 ; Rise       ; CLOCK_50        ;
;  VGA_G[3] ; CLOCK_50     ; 6.332 ; 6.923 ; Rise       ; CLOCK_50        ;
; VGA_R[*]  ; CLOCK_50     ; 5.888 ; 6.244 ; Rise       ; CLOCK_50        ;
;  VGA_R[2] ; CLOCK_50     ; 6.053 ; 6.547 ; Rise       ; CLOCK_50        ;
;  VGA_R[3] ; CLOCK_50     ; 5.888 ; 6.244 ; Rise       ; CLOCK_50        ;
; VGA_B[*]  ; VGA_CLK~reg0 ; 3.942 ; 4.181 ; Rise       ; VGA_CLK~reg0    ;
;  VGA_B[2] ; VGA_CLK~reg0 ; 4.528 ; 5.125 ; Rise       ; VGA_CLK~reg0    ;
;  VGA_B[3] ; VGA_CLK~reg0 ; 3.942 ; 4.181 ; Rise       ; VGA_CLK~reg0    ;
; VGA_CLK   ; VGA_CLK~reg0 ; 3.176 ;       ; Rise       ; VGA_CLK~reg0    ;
; VGA_G[*]  ; VGA_CLK~reg0 ; 4.306 ; 4.767 ; Rise       ; VGA_CLK~reg0    ;
;  VGA_G[2] ; VGA_CLK~reg0 ; 4.469 ; 5.067 ; Rise       ; VGA_CLK~reg0    ;
;  VGA_G[3] ; VGA_CLK~reg0 ; 4.306 ; 4.767 ; Rise       ; VGA_CLK~reg0    ;
; VGA_HS    ; VGA_CLK~reg0 ; 4.465 ; 5.063 ; Rise       ; VGA_CLK~reg0    ;
; VGA_R[*]  ; VGA_CLK~reg0 ; 3.802 ; 4.019 ; Rise       ; VGA_CLK~reg0    ;
;  VGA_R[2] ; VGA_CLK~reg0 ; 3.962 ; 4.333 ; Rise       ; VGA_CLK~reg0    ;
;  VGA_R[3] ; VGA_CLK~reg0 ; 3.802 ; 4.019 ; Rise       ; VGA_CLK~reg0    ;
; VGA_VS    ; VGA_CLK~reg0 ; 3.644 ; 3.911 ; Rise       ; VGA_CLK~reg0    ;
; VGA_CLK   ; VGA_CLK~reg0 ;       ; 3.690 ; Fall       ; VGA_CLK~reg0    ;
+-----------+--------------+-------+-------+------------+-----------------+


+----------------------------------------------------------------------------------------------------------------------------------------------------------------------------------------------------------------------------------------------------------------------------------------------------------------------------------------------------------------------------------------------------------------+
; Board Trace Model Assignments                                                                                                                                                                                                                                                                                                                                                                                  ;
+-------------+--------------+-------------------+-------------------------+-------------------------+---------------+---------------------+----------------+------------------+--------+------------------+------------------------+------------------------+--------------+---------------+-----------------+-------+---------------------+--------------------+---------------+-----------------+-------------+
; Pin         ; I/O Standard ; Near Tline Length ; Near Tline L per Length ; Near Tline C per Length ; Near Series R ; Near Differential R ; Near Pull-up R ; Near Pull-down R ; Near C ; Far Tline Length ; Far Tline L per Length ; Far Tline C per Length ; Far Series R ; Far Pull-up R ; Far Pull-down R ; Far C ; Termination Voltage ; Far Differential R ; EBD File Name ; EBD Signal Name ; EBD Far-end ;
+-------------+--------------+-------------------+-------------------------+-------------------------+---------------+---------------------+----------------+------------------+--------+------------------+------------------------+------------------------+--------------+---------------+-----------------+-------+---------------------+--------------------+---------------+-----------------+-------------+
; LEDR[0]     ; 2.5 V        ; 0 in              ; 0 H/in                  ; 0 F/in                  ; short         ; -                   ; open           ; open             ; open   ; 0 in             ; 0 H/in                 ; 0 F/in                 ; short        ; open          ; open            ; open  ; 0 V                 ; -                  ; n/a           ; n/a             ; n/a         ;
; LEDR[1]     ; 2.5 V        ; 0 in              ; 0 H/in                  ; 0 F/in                  ; short         ; -                   ; open           ; open             ; open   ; 0 in             ; 0 H/in                 ; 0 F/in                 ; short        ; open          ; open            ; open  ; 0 V                 ; -                  ; n/a           ; n/a             ; n/a         ;
; LEDR[2]     ; 2.5 V        ; 0 in              ; 0 H/in                  ; 0 F/in                  ; short         ; -                   ; open           ; open             ; open   ; 0 in             ; 0 H/in                 ; 0 F/in                 ; short        ; open          ; open            ; open  ; 0 V                 ; -                  ; n/a           ; n/a             ; n/a         ;
; LEDR[3]     ; 2.5 V        ; 0 in              ; 0 H/in                  ; 0 F/in                  ; short         ; -                   ; open           ; open             ; open   ; 0 in             ; 0 H/in                 ; 0 F/in                 ; short        ; open          ; open            ; open  ; 0 V                 ; -                  ; n/a           ; n/a             ; n/a         ;
; LEDR[4]     ; 2.5 V        ; 0 in              ; 0 H/in                  ; 0 F/in                  ; short         ; -                   ; open           ; open             ; open   ; 0 in             ; 0 H/in                 ; 0 F/in                 ; short        ; open          ; open            ; open  ; 0 V                 ; -                  ; n/a           ; n/a             ; n/a         ;
; LEDR[5]     ; 2.5 V        ; 0 in              ; 0 H/in                  ; 0 F/in                  ; short         ; -                   ; open           ; open             ; open   ; 0 in             ; 0 H/in                 ; 0 F/in                 ; short        ; open          ; open            ; open  ; 0 V                 ; -                  ; n/a           ; n/a             ; n/a         ;
; LEDR[6]     ; 2.5 V        ; 0 in              ; 0 H/in                  ; 0 F/in                  ; short         ; -                   ; open           ; open             ; open   ; 0 in             ; 0 H/in                 ; 0 F/in                 ; short        ; open          ; open            ; open  ; 0 V                 ; -                  ; n/a           ; n/a             ; n/a         ;
; LEDR[7]     ; 2.5 V        ; 0 in              ; 0 H/in                  ; 0 F/in                  ; short         ; -                   ; open           ; open             ; open   ; 0 in             ; 0 H/in                 ; 0 F/in                 ; short        ; open          ; open            ; open  ; 0 V                 ; -                  ; n/a           ; n/a             ; n/a         ;
; LEDR[8]     ; 2.5 V        ; 0 in              ; 0 H/in                  ; 0 F/in                  ; short         ; -                   ; open           ; open             ; open   ; 0 in             ; 0 H/in                 ; 0 F/in                 ; short        ; open          ; open            ; open  ; 0 V                 ; -                  ; n/a           ; n/a             ; n/a         ;
; LEDR[9]     ; 2.5 V        ; 0 in              ; 0 H/in                  ; 0 F/in                  ; short         ; -                   ; open           ; open             ; open   ; 0 in             ; 0 H/in                 ; 0 F/in                 ; short        ; open          ; open            ; open  ; 0 V                 ; -                  ; n/a           ; n/a             ; n/a         ;
; HEX5[0]     ; 2.5 V        ; 0 in              ; 0 H/in                  ; 0 F/in                  ; short         ; -                   ; open           ; open             ; open   ; 0 in             ; 0 H/in                 ; 0 F/in                 ; short        ; open          ; open            ; open  ; 0 V                 ; -                  ; n/a           ; n/a             ; n/a         ;
; HEX5[1]     ; 2.5 V        ; 0 in              ; 0 H/in                  ; 0 F/in                  ; short         ; -                   ; open           ; open             ; open   ; 0 in             ; 0 H/in                 ; 0 F/in                 ; short        ; open          ; open            ; open  ; 0 V                 ; -                  ; n/a           ; n/a             ; n/a         ;
; HEX5[2]     ; 2.5 V        ; 0 in              ; 0 H/in                  ; 0 F/in                  ; short         ; -                   ; open           ; open             ; open   ; 0 in             ; 0 H/in                 ; 0 F/in                 ; short        ; open          ; open            ; open  ; 0 V                 ; -                  ; n/a           ; n/a             ; n/a         ;
; HEX5[3]     ; 2.5 V        ; 0 in              ; 0 H/in                  ; 0 F/in                  ; short         ; -                   ; open           ; open             ; open   ; 0 in             ; 0 H/in                 ; 0 F/in                 ; short        ; open          ; open            ; open  ; 0 V                 ; -                  ; n/a           ; n/a             ; n/a         ;
; HEX5[4]     ; 2.5 V        ; 0 in              ; 0 H/in                  ; 0 F/in                  ; short         ; -                   ; open           ; open             ; open   ; 0 in             ; 0 H/in                 ; 0 F/in                 ; short        ; open          ; open            ; open  ; 0 V                 ; -                  ; n/a           ; n/a             ; n/a         ;
; HEX5[5]     ; 2.5 V        ; 0 in              ; 0 H/in                  ; 0 F/in                  ; short         ; -                   ; open           ; open             ; open   ; 0 in             ; 0 H/in                 ; 0 F/in                 ; short        ; open          ; open            ; open  ; 0 V                 ; -                  ; n/a           ; n/a             ; n/a         ;
; HEX5[6]     ; 2.5 V        ; 0 in              ; 0 H/in                  ; 0 F/in                  ; short         ; -                   ; open           ; open             ; open   ; 0 in             ; 0 H/in                 ; 0 F/in                 ; short        ; open          ; open            ; open  ; 0 V                 ; -                  ; n/a           ; n/a             ; n/a         ;
; HEX4[0]     ; 2.5 V        ; 0 in              ; 0 H/in                  ; 0 F/in                  ; short         ; -                   ; open           ; open             ; open   ; 0 in             ; 0 H/in                 ; 0 F/in                 ; short        ; open          ; open            ; open  ; 0 V                 ; -                  ; n/a           ; n/a             ; n/a         ;
; HEX4[1]     ; 2.5 V        ; 0 in              ; 0 H/in                  ; 0 F/in                  ; short         ; -                   ; open           ; open             ; open   ; 0 in             ; 0 H/in                 ; 0 F/in                 ; short        ; open          ; open            ; open  ; 0 V                 ; -                  ; n/a           ; n/a             ; n/a         ;
; HEX4[2]     ; 2.5 V        ; 0 in              ; 0 H/in                  ; 0 F/in                  ; short         ; -                   ; open           ; open             ; open   ; 0 in             ; 0 H/in                 ; 0 F/in                 ; short        ; open          ; open            ; open  ; 0 V                 ; -                  ; n/a           ; n/a             ; n/a         ;
; HEX4[3]     ; 2.5 V        ; 0 in              ; 0 H/in                  ; 0 F/in                  ; short         ; -                   ; open           ; open             ; open   ; 0 in             ; 0 H/in                 ; 0 F/in                 ; short        ; open          ; open            ; open  ; 0 V                 ; -                  ; n/a           ; n/a             ; n/a         ;
; HEX4[4]     ; 2.5 V        ; 0 in              ; 0 H/in                  ; 0 F/in                  ; short         ; -                   ; open           ; open             ; open   ; 0 in             ; 0 H/in                 ; 0 F/in                 ; short        ; open          ; open            ; open  ; 0 V                 ; -                  ; n/a           ; n/a             ; n/a         ;
; HEX4[5]     ; 2.5 V        ; 0 in              ; 0 H/in                  ; 0 F/in                  ; short         ; -                   ; open           ; open             ; open   ; 0 in             ; 0 H/in                 ; 0 F/in                 ; short        ; open          ; open            ; open  ; 0 V                 ; -                  ; n/a           ; n/a             ; n/a         ;
; HEX4[6]     ; 2.5 V        ; 0 in              ; 0 H/in                  ; 0 F/in                  ; short         ; -                   ; open           ; open             ; open   ; 0 in             ; 0 H/in                 ; 0 F/in                 ; short        ; open          ; open            ; open  ; 0 V                 ; -                  ; n/a           ; n/a             ; n/a         ;
; HEX3[0]     ; 2.5 V        ; 0 in              ; 0 H/in                  ; 0 F/in                  ; short         ; -                   ; open           ; open             ; open   ; 0 in             ; 0 H/in                 ; 0 F/in                 ; short        ; open          ; open            ; open  ; 0 V                 ; -                  ; n/a           ; n/a             ; n/a         ;
; HEX3[1]     ; 2.5 V        ; 0 in              ; 0 H/in                  ; 0 F/in                  ; short         ; -                   ; open           ; open             ; open   ; 0 in             ; 0 H/in                 ; 0 F/in                 ; short        ; open          ; open            ; open  ; 0 V                 ; -                  ; n/a           ; n/a             ; n/a         ;
; HEX3[2]     ; 2.5 V        ; 0 in              ; 0 H/in                  ; 0 F/in                  ; short         ; -                   ; open           ; open             ; open   ; 0 in             ; 0 H/in                 ; 0 F/in                 ; short        ; open          ; open            ; open  ; 0 V                 ; -                  ; n/a           ; n/a             ; n/a         ;
; HEX3[3]     ; 2.5 V        ; 0 in              ; 0 H/in                  ; 0 F/in                  ; short         ; -                   ; open           ; open             ; open   ; 0 in             ; 0 H/in                 ; 0 F/in                 ; short        ; open          ; open            ; open  ; 0 V                 ; -                  ; n/a           ; n/a             ; n/a         ;
; HEX3[4]     ; 2.5 V        ; 0 in              ; 0 H/in                  ; 0 F/in                  ; short         ; -                   ; open           ; open             ; open   ; 0 in             ; 0 H/in                 ; 0 F/in                 ; short        ; open          ; open            ; open  ; 0 V                 ; -                  ; n/a           ; n/a             ; n/a         ;
; HEX3[5]     ; 2.5 V        ; 0 in              ; 0 H/in                  ; 0 F/in                  ; short         ; -                   ; open           ; open             ; open   ; 0 in             ; 0 H/in                 ; 0 F/in                 ; short        ; open          ; open            ; open  ; 0 V                 ; -                  ; n/a           ; n/a             ; n/a         ;
; HEX3[6]     ; 2.5 V        ; 0 in              ; 0 H/in                  ; 0 F/in                  ; short         ; -                   ; open           ; open             ; open   ; 0 in             ; 0 H/in                 ; 0 F/in                 ; short        ; open          ; open            ; open  ; 0 V                 ; -                  ; n/a           ; n/a             ; n/a         ;
; HEX2[0]     ; 2.5 V        ; 0 in              ; 0 H/in                  ; 0 F/in                  ; short         ; -                   ; open           ; open             ; open   ; 0 in             ; 0 H/in                 ; 0 F/in                 ; short        ; open          ; open            ; open  ; 0 V                 ; -                  ; n/a           ; n/a             ; n/a         ;
; HEX2[1]     ; 2.5 V        ; 0 in              ; 0 H/in                  ; 0 F/in                  ; short         ; -                   ; open           ; open             ; open   ; 0 in             ; 0 H/in                 ; 0 F/in                 ; short        ; open          ; open            ; open  ; 0 V                 ; -                  ; n/a           ; n/a             ; n/a         ;
; HEX2[2]     ; 2.5 V        ; 0 in              ; 0 H/in                  ; 0 F/in                  ; short         ; -                   ; open           ; open             ; open   ; 0 in             ; 0 H/in                 ; 0 F/in                 ; short        ; open          ; open            ; open  ; 0 V                 ; -                  ; n/a           ; n/a             ; n/a         ;
; HEX2[3]     ; 2.5 V        ; 0 in              ; 0 H/in                  ; 0 F/in                  ; short         ; -                   ; open           ; open             ; open   ; 0 in             ; 0 H/in                 ; 0 F/in                 ; short        ; open          ; open            ; open  ; 0 V                 ; -                  ; n/a           ; n/a             ; n/a         ;
; HEX2[4]     ; 2.5 V        ; 0 in              ; 0 H/in                  ; 0 F/in                  ; short         ; -                   ; open           ; open             ; open   ; 0 in             ; 0 H/in                 ; 0 F/in                 ; short        ; open          ; open            ; open  ; 0 V                 ; -                  ; n/a           ; n/a             ; n/a         ;
; HEX2[5]     ; 2.5 V        ; 0 in              ; 0 H/in                  ; 0 F/in                  ; short         ; -                   ; open           ; open             ; open   ; 0 in             ; 0 H/in                 ; 0 F/in                 ; short        ; open          ; open            ; open  ; 0 V                 ; -                  ; n/a           ; n/a             ; n/a         ;
; HEX2[6]     ; 2.5 V        ; 0 in              ; 0 H/in                  ; 0 F/in                  ; short         ; -                   ; open           ; open             ; open   ; 0 in             ; 0 H/in                 ; 0 F/in                 ; short        ; open          ; open            ; open  ; 0 V                 ; -                  ; n/a           ; n/a             ; n/a         ;
; HEX1[0]     ; 2.5 V        ; 0 in              ; 0 H/in                  ; 0 F/in                  ; short         ; -                   ; open           ; open             ; open   ; 0 in             ; 0 H/in                 ; 0 F/in                 ; short        ; open          ; open            ; open  ; 0 V                 ; -                  ; n/a           ; n/a             ; n/a         ;
; HEX1[1]     ; 2.5 V        ; 0 in              ; 0 H/in                  ; 0 F/in                  ; short         ; -                   ; open           ; open             ; open   ; 0 in             ; 0 H/in                 ; 0 F/in                 ; short        ; open          ; open            ; open  ; 0 V                 ; -                  ; n/a           ; n/a             ; n/a         ;
; HEX1[2]     ; 2.5 V        ; 0 in              ; 0 H/in                  ; 0 F/in                  ; short         ; -                   ; open           ; open             ; open   ; 0 in             ; 0 H/in                 ; 0 F/in                 ; short        ; open          ; open            ; open  ; 0 V                 ; -                  ; n/a           ; n/a             ; n/a         ;
; HEX1[3]     ; 2.5 V        ; 0 in              ; 0 H/in                  ; 0 F/in                  ; short         ; -                   ; open           ; open             ; open   ; 0 in             ; 0 H/in                 ; 0 F/in                 ; short        ; open          ; open            ; open  ; 0 V                 ; -                  ; n/a           ; n/a             ; n/a         ;
; HEX1[4]     ; 2.5 V        ; 0 in              ; 0 H/in                  ; 0 F/in                  ; short         ; -                   ; open           ; open             ; open   ; 0 in             ; 0 H/in                 ; 0 F/in                 ; short        ; open          ; open            ; open  ; 0 V                 ; -                  ; n/a           ; n/a             ; n/a         ;
; HEX1[5]     ; 2.5 V        ; 0 in              ; 0 H/in                  ; 0 F/in                  ; short         ; -                   ; open           ; open             ; open   ; 0 in             ; 0 H/in                 ; 0 F/in                 ; short        ; open          ; open            ; open  ; 0 V                 ; -                  ; n/a           ; n/a             ; n/a         ;
; HEX1[6]     ; 2.5 V        ; 0 in              ; 0 H/in                  ; 0 F/in                  ; short         ; -                   ; open           ; open             ; open   ; 0 in             ; 0 H/in                 ; 0 F/in                 ; short        ; open          ; open            ; open  ; 0 V                 ; -                  ; n/a           ; n/a             ; n/a         ;
; HEX0[0]     ; 2.5 V        ; 0 in              ; 0 H/in                  ; 0 F/in                  ; short         ; -                   ; open           ; open             ; open   ; 0 in             ; 0 H/in                 ; 0 F/in                 ; short        ; open          ; open            ; open  ; 0 V                 ; -                  ; n/a           ; n/a             ; n/a         ;
; HEX0[1]     ; 2.5 V        ; 0 in              ; 0 H/in                  ; 0 F/in                  ; short         ; -                   ; open           ; open             ; open   ; 0 in             ; 0 H/in                 ; 0 F/in                 ; short        ; open          ; open            ; open  ; 0 V                 ; -                  ; n/a           ; n/a             ; n/a         ;
; HEX0[2]     ; 2.5 V        ; 0 in              ; 0 H/in                  ; 0 F/in                  ; short         ; -                   ; open           ; open             ; open   ; 0 in             ; 0 H/in                 ; 0 F/in                 ; short        ; open          ; open            ; open  ; 0 V                 ; -                  ; n/a           ; n/a             ; n/a         ;
; HEX0[3]     ; 2.5 V        ; 0 in              ; 0 H/in                  ; 0 F/in                  ; short         ; -                   ; open           ; open             ; open   ; 0 in             ; 0 H/in                 ; 0 F/in                 ; short        ; open          ; open            ; open  ; 0 V                 ; -                  ; n/a           ; n/a             ; n/a         ;
; HEX0[4]     ; 2.5 V        ; 0 in              ; 0 H/in                  ; 0 F/in                  ; short         ; -                   ; open           ; open             ; open   ; 0 in             ; 0 H/in                 ; 0 F/in                 ; short        ; open          ; open            ; open  ; 0 V                 ; -                  ; n/a           ; n/a             ; n/a         ;
; HEX0[5]     ; 2.5 V        ; 0 in              ; 0 H/in                  ; 0 F/in                  ; short         ; -                   ; open           ; open             ; open   ; 0 in             ; 0 H/in                 ; 0 F/in                 ; short        ; open          ; open            ; open  ; 0 V                 ; -                  ; n/a           ; n/a             ; n/a         ;
; HEX0[6]     ; 2.5 V        ; 0 in              ; 0 H/in                  ; 0 F/in                  ; short         ; -                   ; open           ; open             ; open   ; 0 in             ; 0 H/in                 ; 0 F/in                 ; short        ; open          ; open            ; open  ; 0 V                 ; -                  ; n/a           ; n/a             ; n/a         ;
; VGA_R[0]    ; 2.5 V        ; 0 in              ; 0 H/in                  ; 0 F/in                  ; short         ; -                   ; open           ; open             ; open   ; 0 in             ; 0 H/in                 ; 0 F/in                 ; short        ; open          ; open            ; open  ; 0 V                 ; -                  ; n/a           ; n/a             ; n/a         ;
; VGA_R[1]    ; 2.5 V        ; 0 in              ; 0 H/in                  ; 0 F/in                  ; short         ; -                   ; open           ; open             ; open   ; 0 in             ; 0 H/in                 ; 0 F/in                 ; short        ; open          ; open            ; open  ; 0 V                 ; -                  ; n/a           ; n/a             ; n/a         ;
; VGA_R[2]    ; 2.5 V        ; 0 in              ; 0 H/in                  ; 0 F/in                  ; short         ; -                   ; open           ; open             ; open   ; 0 in             ; 0 H/in                 ; 0 F/in                 ; short        ; open          ; open            ; open  ; 0 V                 ; -                  ; n/a           ; n/a             ; n/a         ;
; VGA_R[3]    ; 2.5 V        ; 0 in              ; 0 H/in                  ; 0 F/in                  ; short         ; -                   ; open           ; open             ; open   ; 0 in             ; 0 H/in                 ; 0 F/in                 ; short        ; open          ; open            ; open  ; 0 V                 ; -                  ; n/a           ; n/a             ; n/a         ;
; VGA_G[0]    ; 2.5 V        ; 0 in              ; 0 H/in                  ; 0 F/in                  ; short         ; -                   ; open           ; open             ; open   ; 0 in             ; 0 H/in                 ; 0 F/in                 ; short        ; open          ; open            ; open  ; 0 V                 ; -                  ; n/a           ; n/a             ; n/a         ;
; VGA_G[1]    ; 2.5 V        ; 0 in              ; 0 H/in                  ; 0 F/in                  ; short         ; -                   ; open           ; open             ; open   ; 0 in             ; 0 H/in                 ; 0 F/in                 ; short        ; open          ; open            ; open  ; 0 V                 ; -                  ; n/a           ; n/a             ; n/a         ;
; VGA_G[2]    ; 2.5 V        ; 0 in              ; 0 H/in                  ; 0 F/in                  ; short         ; -                   ; open           ; open             ; open   ; 0 in             ; 0 H/in                 ; 0 F/in                 ; short        ; open          ; open            ; open  ; 0 V                 ; -                  ; n/a           ; n/a             ; n/a         ;
; VGA_G[3]    ; 2.5 V        ; 0 in              ; 0 H/in                  ; 0 F/in                  ; short         ; -                   ; open           ; open             ; open   ; 0 in             ; 0 H/in                 ; 0 F/in                 ; short        ; open          ; open            ; open  ; 0 V                 ; -                  ; n/a           ; n/a             ; n/a         ;
; VGA_B[0]    ; 2.5 V        ; 0 in              ; 0 H/in                  ; 0 F/in                  ; short         ; -                   ; open           ; open             ; open   ; 0 in             ; 0 H/in                 ; 0 F/in                 ; short        ; open          ; open            ; open  ; 0 V                 ; -                  ; n/a           ; n/a             ; n/a         ;
; VGA_B[1]    ; 2.5 V        ; 0 in              ; 0 H/in                  ; 0 F/in                  ; short         ; -                   ; open           ; open             ; open   ; 0 in             ; 0 H/in                 ; 0 F/in                 ; short        ; open          ; open            ; open  ; 0 V                 ; -                  ; n/a           ; n/a             ; n/a         ;
; VGA_B[2]    ; 2.5 V        ; 0 in              ; 0 H/in                  ; 0 F/in                  ; short         ; -                   ; open           ; open             ; open   ; 0 in             ; 0 H/in                 ; 0 F/in                 ; short        ; open          ; open            ; open  ; 0 V                 ; -                  ; n/a           ; n/a             ; n/a         ;
; VGA_B[3]    ; 2.5 V        ; 0 in              ; 0 H/in                  ; 0 F/in                  ; short         ; -                   ; open           ; open             ; open   ; 0 in             ; 0 H/in                 ; 0 F/in                 ; short        ; open          ; open            ; open  ; 0 V                 ; -                  ; n/a           ; n/a             ; n/a         ;
; VGA_HS      ; 2.5 V        ; 0 in              ; 0 H/in                  ; 0 F/in                  ; short         ; -                   ; open           ; open             ; open   ; 0 in             ; 0 H/in                 ; 0 F/in                 ; short        ; open          ; open            ; open  ; 0 V                 ; -                  ; n/a           ; n/a             ; n/a         ;
; VGA_VS      ; 2.5 V        ; 0 in              ; 0 H/in                  ; 0 F/in                  ; short         ; -                   ; open           ; open             ; open   ; 0 in             ; 0 H/in                 ; 0 F/in                 ; short        ; open          ; open            ; open  ; 0 V                 ; -                  ; n/a           ; n/a             ; n/a         ;
; VGA_CLK     ; 2.5 V        ; 0 in              ; 0 H/in                  ; 0 F/in                  ; short         ; -                   ; open           ; open             ; open   ; 0 in             ; 0 H/in                 ; 0 F/in                 ; short        ; open          ; open            ; open  ; 0 V                 ; -                  ; n/a           ; n/a             ; n/a         ;
; VGA_BLANK_N ; 2.5 V        ; 0 in              ; 0 H/in                  ; 0 F/in                  ; short         ; -                   ; open           ; open             ; open   ; 0 in             ; 0 H/in                 ; 0 F/in                 ; short        ; open          ; open            ; open  ; 0 V                 ; -                  ; n/a           ; n/a             ; n/a         ;
; VGA_SYNC_N  ; 2.5 V        ; 0 in              ; 0 H/in                  ; 0 F/in                  ; short         ; -                   ; open           ; open             ; open   ; 0 in             ; 0 H/in                 ; 0 F/in                 ; short        ; open          ; open            ; open  ; 0 V                 ; -                  ; n/a           ; n/a             ; n/a         ;
+-------------+--------------+-------------------+-------------------------+-------------------------+---------------+---------------------+----------------+------------------+--------+------------------+------------------------+------------------------+--------------+---------------+-----------------+-------+---------------------+--------------------+---------------+-----------------+-------------+


+-------------------------------------------------------------+
; Input Transition Times                                      ;
+----------+--------------+-----------------+-----------------+
; Pin      ; I/O Standard ; 10-90 Rise Time ; 90-10 Fall Time ;
+----------+--------------+-----------------+-----------------+
; SW[0]    ; 2.5 V        ; 2000 ps         ; 2000 ps         ;
; SW[1]    ; 2.5 V        ; 2000 ps         ; 2000 ps         ;
; SW[2]    ; 2.5 V        ; 2000 ps         ; 2000 ps         ;
; SW[3]    ; 2.5 V        ; 2000 ps         ; 2000 ps         ;
; SW[4]    ; 2.5 V        ; 2000 ps         ; 2000 ps         ;
; SW[5]    ; 2.5 V        ; 2000 ps         ; 2000 ps         ;
; SW[6]    ; 2.5 V        ; 2000 ps         ; 2000 ps         ;
; SW[7]    ; 2.5 V        ; 2000 ps         ; 2000 ps         ;
; SW[8]    ; 2.5 V        ; 2000 ps         ; 2000 ps         ;
; SW[9]    ; 2.5 V        ; 2000 ps         ; 2000 ps         ;
; CLOCK_50 ; 2.5 V        ; 2000 ps         ; 2000 ps         ;
+----------+--------------+-----------------+-----------------+


+------------------------------------------------------------------------------------------------------------------------------------------------------------------------------------------------------------------------------------------------------------------------------------------------------------------------------------------------------------------------------------------------------------------------------------------------------------------------------------------------------------------------------------------------------------------------------------------------------------------------------------------------------------------------------------------+
; Signal Integrity Metrics (Slow 1100mv 0c Model)                                                                                                                                                                                                                                                                                                                                                                                                                                                                                                                                                                                                                                          ;
+-------------+--------------+---------------------+---------------------+------------------------------+------------------------------+---------------------+---------------------+--------------------------------------+--------------------------------------+-----------------------------+-----------------------------+----------------------------+----------------------------+-----------------------------+-----------------------------+--------------------+--------------------+-------------------------------------+-------------------------------------+----------------------------+----------------------------+---------------------------+---------------------------+
; Pin         ; I/O Standard ; Board Delay on Rise ; Board Delay on Fall ; Steady State Voh at FPGA Pin ; Steady State Vol at FPGA Pin ; Voh Max at FPGA Pin ; Vol Min at FPGA Pin ; Ringback Voltage on Rise at FPGA Pin ; Ringback Voltage on Fall at FPGA Pin ; 10-90 Rise Time at FPGA Pin ; 90-10 Fall Time at FPGA Pin ; Monotonic Rise at FPGA Pin ; Monotonic Fall at FPGA Pin ; Steady State Voh at Far-end ; Steady State Vol at Far-end ; Voh Max at Far-end ; Vol Min at Far-end ; Ringback Voltage on Rise at Far-end ; Ringback Voltage on Fall at Far-end ; 10-90 Rise Time at Far-end ; 90-10 Fall Time at Far-end ; Monotonic Rise at Far-end ; Monotonic Fall at Far-end ;
+-------------+--------------+---------------------+---------------------+------------------------------+------------------------------+---------------------+---------------------+--------------------------------------+--------------------------------------+-----------------------------+-----------------------------+----------------------------+----------------------------+-----------------------------+-----------------------------+--------------------+--------------------+-------------------------------------+-------------------------------------+----------------------------+----------------------------+---------------------------+---------------------------+
; LEDR[0]     ; 2.5 V        ; 0 s                 ; 0 s                 ; 2.32 V                       ; 2.15e-07 V                   ; 2.41 V              ; -0.0492 V           ; 0.181 V                              ; 0.116 V                              ; 4.54e-10 s                  ; 4.44e-10 s                  ; No                         ; Yes                        ; 2.32 V                      ; 2.15e-07 V                  ; 2.41 V             ; -0.0492 V          ; 0.181 V                             ; 0.116 V                             ; 4.54e-10 s                 ; 4.44e-10 s                 ; No                        ; Yes                       ;
; LEDR[1]     ; 2.5 V        ; 0 s                 ; 0 s                 ; 2.32 V                       ; 2.15e-07 V                   ; 2.41 V              ; -0.0495 V           ; 0.18 V                               ; 0.115 V                              ; 4.54e-10 s                  ; 4.44e-10 s                  ; No                         ; Yes                        ; 2.32 V                      ; 2.15e-07 V                  ; 2.41 V             ; -0.0495 V          ; 0.18 V                              ; 0.115 V                             ; 4.54e-10 s                 ; 4.44e-10 s                 ; No                        ; Yes                       ;
; LEDR[2]     ; 2.5 V        ; 0 s                 ; 0 s                 ; 2.32 V                       ; 1.88e-07 V                   ; 2.35 V              ; -0.0185 V           ; 0.153 V                              ; 0.099 V                              ; 4.6e-10 s                   ; 4.48e-10 s                  ; No                         ; Yes                        ; 2.32 V                      ; 1.88e-07 V                  ; 2.35 V             ; -0.0185 V          ; 0.153 V                             ; 0.099 V                             ; 4.6e-10 s                  ; 4.48e-10 s                 ; No                        ; Yes                       ;
; LEDR[3]     ; 2.5 V        ; 0 s                 ; 0 s                 ; 2.32 V                       ; 2.19e-07 V                   ; 2.4 V               ; -0.039 V            ; 0.21 V                               ; 0.145 V                              ; 4.67e-10 s                  ; 4.63e-10 s                  ; No                         ; Yes                        ; 2.32 V                      ; 2.19e-07 V                  ; 2.4 V              ; -0.039 V           ; 0.21 V                              ; 0.145 V                             ; 4.67e-10 s                 ; 4.63e-10 s                 ; No                        ; Yes                       ;
; LEDR[4]     ; 2.5 V        ; 0 s                 ; 0 s                 ; 2.32 V                       ; 2.15e-07 V                   ; 2.41 V              ; -0.0492 V           ; 0.181 V                              ; 0.116 V                              ; 4.54e-10 s                  ; 4.44e-10 s                  ; No                         ; Yes                        ; 2.32 V                      ; 2.15e-07 V                  ; 2.41 V             ; -0.0492 V          ; 0.181 V                             ; 0.116 V                             ; 4.54e-10 s                 ; 4.44e-10 s                 ; No                        ; Yes                       ;
; LEDR[5]     ; 2.5 V        ; 0 s                 ; 0 s                 ; 2.32 V                       ; 2.15e-07 V                   ; 2.41 V              ; -0.0495 V           ; 0.18 V                               ; 0.115 V                              ; 4.54e-10 s                  ; 4.44e-10 s                  ; No                         ; Yes                        ; 2.32 V                      ; 2.15e-07 V                  ; 2.41 V             ; -0.0495 V          ; 0.18 V                              ; 0.115 V                             ; 4.54e-10 s                 ; 4.44e-10 s                 ; No                        ; Yes                       ;
; LEDR[6]     ; 2.5 V        ; 0 s                 ; 0 s                 ; 2.32 V                       ; 2.19e-07 V                   ; 2.4 V               ; -0.039 V            ; 0.21 V                               ; 0.145 V                              ; 4.67e-10 s                  ; 4.63e-10 s                  ; No                         ; Yes                        ; 2.32 V                      ; 2.19e-07 V                  ; 2.4 V              ; -0.039 V           ; 0.21 V                              ; 0.145 V                             ; 4.67e-10 s                 ; 4.63e-10 s                 ; No                        ; Yes                       ;
; LEDR[7]     ; 2.5 V        ; 0 s                 ; 0 s                 ; 2.32 V                       ; 1.88e-07 V                   ; 2.35 V              ; -0.0185 V           ; 0.153 V                              ; 0.099 V                              ; 4.6e-10 s                   ; 4.48e-10 s                  ; No                         ; Yes                        ; 2.32 V                      ; 1.88e-07 V                  ; 2.35 V             ; -0.0185 V          ; 0.153 V                             ; 0.099 V                             ; 4.6e-10 s                  ; 4.48e-10 s                 ; No                        ; Yes                       ;
; LEDR[8]     ; 2.5 V        ; 0 s                 ; 0 s                 ; 2.32 V                       ; 2.15e-07 V                   ; 2.41 V              ; -0.0492 V           ; 0.181 V                              ; 0.116 V                              ; 4.54e-10 s                  ; 4.44e-10 s                  ; No                         ; Yes                        ; 2.32 V                      ; 2.15e-07 V                  ; 2.41 V             ; -0.0492 V          ; 0.181 V                             ; 0.116 V                             ; 4.54e-10 s                 ; 4.44e-10 s                 ; No                        ; Yes                       ;
; LEDR[9]     ; 2.5 V        ; 0 s                 ; 0 s                 ; 2.32 V                       ; 2.15e-07 V                   ; 2.41 V              ; -0.0495 V           ; 0.18 V                               ; 0.115 V                              ; 4.54e-10 s                  ; 4.44e-10 s                  ; No                         ; Yes                        ; 2.32 V                      ; 2.15e-07 V                  ; 2.41 V             ; -0.0495 V          ; 0.18 V                              ; 0.115 V                             ; 4.54e-10 s                 ; 4.44e-10 s                 ; No                        ; Yes                       ;
; HEX5[0]     ; 2.5 V        ; 0 s                 ; 0 s                 ; 2.32 V                       ; 2.19e-07 V                   ; 2.4 V               ; -0.039 V            ; 0.21 V                               ; 0.145 V                              ; 4.67e-10 s                  ; 4.63e-10 s                  ; No                         ; Yes                        ; 2.32 V                      ; 2.19e-07 V                  ; 2.4 V              ; -0.039 V           ; 0.21 V                              ; 0.145 V                             ; 4.67e-10 s                 ; 4.63e-10 s                 ; No                        ; Yes                       ;
; HEX5[1]     ; 2.5 V        ; 0 s                 ; 0 s                 ; 2.32 V                       ; 1.88e-07 V                   ; 2.35 V              ; -0.0185 V           ; 0.153 V                              ; 0.099 V                              ; 4.6e-10 s                   ; 4.48e-10 s                  ; No                         ; Yes                        ; 2.32 V                      ; 1.88e-07 V                  ; 2.35 V             ; -0.0185 V          ; 0.153 V                             ; 0.099 V                             ; 4.6e-10 s                  ; 4.48e-10 s                 ; No                        ; Yes                       ;
; HEX5[2]     ; 2.5 V        ; 0 s                 ; 0 s                 ; 2.32 V                       ; 1.88e-07 V                   ; 2.35 V              ; -0.0185 V           ; 0.153 V                              ; 0.099 V                              ; 4.6e-10 s                   ; 4.48e-10 s                  ; No                         ; Yes                        ; 2.32 V                      ; 1.88e-07 V                  ; 2.35 V             ; -0.0185 V          ; 0.153 V                             ; 0.099 V                             ; 4.6e-10 s                  ; 4.48e-10 s                 ; No                        ; Yes                       ;
; HEX5[3]     ; 2.5 V        ; 0 s                 ; 0 s                 ; 2.32 V                       ; 1.88e-07 V                   ; 2.35 V              ; -0.0185 V           ; 0.153 V                              ; 0.099 V                              ; 4.6e-10 s                   ; 4.48e-10 s                  ; No                         ; Yes                        ; 2.32 V                      ; 1.88e-07 V                  ; 2.35 V             ; -0.0185 V          ; 0.153 V                             ; 0.099 V                             ; 4.6e-10 s                  ; 4.48e-10 s                 ; No                        ; Yes                       ;
; HEX5[4]     ; 2.5 V        ; 0 s                 ; 0 s                 ; 2.32 V                       ; 2.15e-07 V                   ; 2.41 V              ; -0.0495 V           ; 0.18 V                               ; 0.115 V                              ; 4.54e-10 s                  ; 4.44e-10 s                  ; No                         ; Yes                        ; 2.32 V                      ; 2.15e-07 V                  ; 2.41 V             ; -0.0495 V          ; 0.18 V                              ; 0.115 V                             ; 4.54e-10 s                 ; 4.44e-10 s                 ; No                        ; Yes                       ;
; HEX5[5]     ; 2.5 V        ; 0 s                 ; 0 s                 ; 2.32 V                       ; 2.15e-07 V                   ; 2.41 V              ; -0.0492 V           ; 0.181 V                              ; 0.116 V                              ; 4.54e-10 s                  ; 4.44e-10 s                  ; No                         ; Yes                        ; 2.32 V                      ; 2.15e-07 V                  ; 2.41 V             ; -0.0492 V          ; 0.181 V                             ; 0.116 V                             ; 4.54e-10 s                 ; 4.44e-10 s                 ; No                        ; Yes                       ;
; HEX5[6]     ; 2.5 V        ; 0 s                 ; 0 s                 ; 2.32 V                       ; 2.19e-07 V                   ; 2.4 V               ; -0.039 V            ; 0.21 V                               ; 0.145 V                              ; 4.67e-10 s                  ; 4.63e-10 s                  ; No                         ; Yes                        ; 2.32 V                      ; 2.19e-07 V                  ; 2.4 V              ; -0.039 V           ; 0.21 V                              ; 0.145 V                             ; 4.67e-10 s                 ; 4.63e-10 s                 ; No                        ; Yes                       ;
; HEX4[0]     ; 2.5 V        ; 0 s                 ; 0 s                 ; 2.32 V                       ; 2.15e-07 V                   ; 2.41 V              ; -0.0492 V           ; 0.181 V                              ; 0.116 V                              ; 4.54e-10 s                  ; 4.44e-10 s                  ; No                         ; Yes                        ; 2.32 V                      ; 2.15e-07 V                  ; 2.41 V             ; -0.0492 V          ; 0.181 V                             ; 0.116 V                             ; 4.54e-10 s                 ; 4.44e-10 s                 ; No                        ; Yes                       ;
; HEX4[1]     ; 2.5 V        ; 0 s                 ; 0 s                 ; 2.32 V                       ; 1.88e-07 V                   ; 2.35 V              ; -0.0185 V           ; 0.153 V                              ; 0.099 V                              ; 4.6e-10 s                   ; 4.48e-10 s                  ; No                         ; Yes                        ; 2.32 V                      ; 1.88e-07 V                  ; 2.35 V             ; -0.0185 V          ; 0.153 V                             ; 0.099 V                             ; 4.6e-10 s                  ; 4.48e-10 s                 ; No                        ; Yes                       ;
; HEX4[2]     ; 2.5 V        ; 0 s                 ; 0 s                 ; 2.32 V                       ; 1.88e-07 V                   ; 2.35 V              ; -0.0185 V           ; 0.153 V                              ; 0.099 V                              ; 4.6e-10 s                   ; 4.48e-10 s                  ; No                         ; Yes                        ; 2.32 V                      ; 1.88e-07 V                  ; 2.35 V             ; -0.0185 V          ; 0.153 V                             ; 0.099 V                             ; 4.6e-10 s                  ; 4.48e-10 s                 ; No                        ; Yes                       ;
; HEX4[3]     ; 2.5 V        ; 0 s                 ; 0 s                 ; 2.32 V                       ; 1.88e-07 V                   ; 2.35 V              ; -0.0185 V           ; 0.153 V                              ; 0.099 V                              ; 4.6e-10 s                   ; 4.48e-10 s                  ; No                         ; Yes                        ; 2.32 V                      ; 1.88e-07 V                  ; 2.35 V             ; -0.0185 V          ; 0.153 V                             ; 0.099 V                             ; 4.6e-10 s                  ; 4.48e-10 s                 ; No                        ; Yes                       ;
; HEX4[4]     ; 2.5 V        ; 0 s                 ; 0 s                 ; 2.32 V                       ; 2.19e-07 V                   ; 2.4 V               ; -0.039 V            ; 0.21 V                               ; 0.145 V                              ; 4.67e-10 s                  ; 4.63e-10 s                  ; No                         ; Yes                        ; 2.32 V                      ; 2.19e-07 V                  ; 2.4 V              ; -0.039 V           ; 0.21 V                              ; 0.145 V                             ; 4.67e-10 s                 ; 4.63e-10 s                 ; No                        ; Yes                       ;
; HEX4[5]     ; 2.5 V        ; 0 s                 ; 0 s                 ; 2.32 V                       ; 2.19e-07 V                   ; 2.4 V               ; -0.039 V            ; 0.21 V                               ; 0.145 V                              ; 4.67e-10 s                  ; 4.63e-10 s                  ; No                         ; Yes                        ; 2.32 V                      ; 2.19e-07 V                  ; 2.4 V              ; -0.039 V           ; 0.21 V                              ; 0.145 V                             ; 4.67e-10 s                 ; 4.63e-10 s                 ; No                        ; Yes                       ;
; HEX4[6]     ; 2.5 V        ; 0 s                 ; 0 s                 ; 2.32 V                       ; 1.88e-07 V                   ; 2.35 V              ; -0.0185 V           ; 0.153 V                              ; 0.099 V                              ; 4.6e-10 s                   ; 4.48e-10 s                  ; No                         ; Yes                        ; 2.32 V                      ; 1.88e-07 V                  ; 2.35 V             ; -0.0185 V          ; 0.153 V                             ; 0.099 V                             ; 4.6e-10 s                  ; 4.48e-10 s                 ; No                        ; Yes                       ;
; HEX3[0]     ; 2.5 V        ; 0 s                 ; 0 s                 ; 2.32 V                       ; 1.88e-07 V                   ; 2.35 V              ; -0.0185 V           ; 0.153 V                              ; 0.099 V                              ; 4.6e-10 s                   ; 4.48e-10 s                  ; No                         ; Yes                        ; 2.32 V                      ; 1.88e-07 V                  ; 2.35 V             ; -0.0185 V          ; 0.153 V                             ; 0.099 V                             ; 4.6e-10 s                  ; 4.48e-10 s                 ; No                        ; Yes                       ;
; HEX3[1]     ; 2.5 V        ; 0 s                 ; 0 s                 ; 2.32 V                       ; 2.19e-07 V                   ; 2.4 V               ; -0.039 V            ; 0.21 V                               ; 0.145 V                              ; 4.67e-10 s                  ; 4.63e-10 s                  ; No                         ; Yes                        ; 2.32 V                      ; 2.19e-07 V                  ; 2.4 V              ; -0.039 V           ; 0.21 V                              ; 0.145 V                             ; 4.67e-10 s                 ; 4.63e-10 s                 ; No                        ; Yes                       ;
; HEX3[2]     ; 2.5 V        ; 0 s                 ; 0 s                 ; 2.32 V                       ; 2.19e-07 V                   ; 2.4 V               ; -0.039 V            ; 0.21 V                               ; 0.145 V                              ; 4.67e-10 s                  ; 4.63e-10 s                  ; No                         ; Yes                        ; 2.32 V                      ; 2.19e-07 V                  ; 2.4 V              ; -0.039 V           ; 0.21 V                              ; 0.145 V                             ; 4.67e-10 s                 ; 4.63e-10 s                 ; No                        ; Yes                       ;
; HEX3[3]     ; 2.5 V        ; 0 s                 ; 0 s                 ; 2.32 V                       ; 1.88e-07 V                   ; 2.35 V              ; -0.0185 V           ; 0.153 V                              ; 0.099 V                              ; 4.6e-10 s                   ; 4.48e-10 s                  ; No                         ; Yes                        ; 2.32 V                      ; 1.88e-07 V                  ; 2.35 V             ; -0.0185 V          ; 0.153 V                             ; 0.099 V                             ; 4.6e-10 s                  ; 4.48e-10 s                 ; No                        ; Yes                       ;
; HEX3[4]     ; 2.5 V        ; 0 s                 ; 0 s                 ; 2.32 V                       ; 2.19e-07 V                   ; 2.4 V               ; -0.039 V            ; 0.21 V                               ; 0.145 V                              ; 4.67e-10 s                  ; 4.63e-10 s                  ; No                         ; Yes                        ; 2.32 V                      ; 2.19e-07 V                  ; 2.4 V              ; -0.039 V           ; 0.21 V                              ; 0.145 V                             ; 4.67e-10 s                 ; 4.63e-10 s                 ; No                        ; Yes                       ;
; HEX3[5]     ; 2.5 V        ; 0 s                 ; 0 s                 ; 2.32 V                       ; 2.19e-07 V                   ; 2.4 V               ; -0.039 V            ; 0.21 V                               ; 0.145 V                              ; 4.67e-10 s                  ; 4.63e-10 s                  ; No                         ; Yes                        ; 2.32 V                      ; 2.19e-07 V                  ; 2.4 V              ; -0.039 V           ; 0.21 V                              ; 0.145 V                             ; 4.67e-10 s                 ; 4.63e-10 s                 ; No                        ; Yes                       ;
; HEX3[6]     ; 2.5 V        ; 0 s                 ; 0 s                 ; 2.32 V                       ; 1.88e-07 V                   ; 2.35 V              ; -0.0185 V           ; 0.153 V                              ; 0.099 V                              ; 4.6e-10 s                   ; 4.48e-10 s                  ; No                         ; Yes                        ; 2.32 V                      ; 1.88e-07 V                  ; 2.35 V             ; -0.0185 V          ; 0.153 V                             ; 0.099 V                             ; 4.6e-10 s                  ; 4.48e-10 s                 ; No                        ; Yes                       ;
; HEX2[0]     ; 2.5 V        ; 0 s                 ; 0 s                 ; 2.32 V                       ; 2.19e-07 V                   ; 2.4 V               ; -0.039 V            ; 0.21 V                               ; 0.145 V                              ; 4.67e-10 s                  ; 4.63e-10 s                  ; No                         ; Yes                        ; 2.32 V                      ; 2.19e-07 V                  ; 2.4 V              ; -0.039 V           ; 0.21 V                              ; 0.145 V                             ; 4.67e-10 s                 ; 4.63e-10 s                 ; No                        ; Yes                       ;
; HEX2[1]     ; 2.5 V        ; 0 s                 ; 0 s                 ; 2.32 V                       ; 2.15e-07 V                   ; 2.41 V              ; -0.0495 V           ; 0.18 V                               ; 0.115 V                              ; 4.54e-10 s                  ; 4.44e-10 s                  ; No                         ; Yes                        ; 2.32 V                      ; 2.15e-07 V                  ; 2.41 V             ; -0.0495 V          ; 0.18 V                              ; 0.115 V                             ; 4.54e-10 s                 ; 4.44e-10 s                 ; No                        ; Yes                       ;
; HEX2[2]     ; 2.5 V        ; 0 s                 ; 0 s                 ; 2.32 V                       ; 2.15e-07 V                   ; 2.41 V              ; -0.0495 V           ; 0.18 V                               ; 0.115 V                              ; 4.54e-10 s                  ; 4.44e-10 s                  ; No                         ; Yes                        ; 2.32 V                      ; 2.15e-07 V                  ; 2.41 V             ; -0.0495 V          ; 0.18 V                              ; 0.115 V                             ; 4.54e-10 s                 ; 4.44e-10 s                 ; No                        ; Yes                       ;
; HEX2[3]     ; 2.5 V        ; 0 s                 ; 0 s                 ; 2.32 V                       ; 1.88e-07 V                   ; 2.35 V              ; -0.0185 V           ; 0.153 V                              ; 0.099 V                              ; 4.6e-10 s                   ; 4.48e-10 s                  ; No                         ; Yes                        ; 2.32 V                      ; 1.88e-07 V                  ; 2.35 V             ; -0.0185 V          ; 0.153 V                             ; 0.099 V                             ; 4.6e-10 s                  ; 4.48e-10 s                 ; No                        ; Yes                       ;
; HEX2[4]     ; 2.5 V        ; 0 s                 ; 0 s                 ; 2.32 V                       ; 1.88e-07 V                   ; 2.35 V              ; -0.0185 V           ; 0.153 V                              ; 0.099 V                              ; 4.6e-10 s                   ; 4.48e-10 s                  ; No                         ; Yes                        ; 2.32 V                      ; 1.88e-07 V                  ; 2.35 V             ; -0.0185 V          ; 0.153 V                             ; 0.099 V                             ; 4.6e-10 s                  ; 4.48e-10 s                 ; No                        ; Yes                       ;
; HEX2[5]     ; 2.5 V        ; 0 s                 ; 0 s                 ; 2.32 V                       ; 2.15e-07 V                   ; 2.41 V              ; -0.0495 V           ; 0.18 V                               ; 0.115 V                              ; 4.54e-10 s                  ; 4.44e-10 s                  ; No                         ; Yes                        ; 2.32 V                      ; 2.15e-07 V                  ; 2.41 V             ; -0.0495 V          ; 0.18 V                              ; 0.115 V                             ; 4.54e-10 s                 ; 4.44e-10 s                 ; No                        ; Yes                       ;
; HEX2[6]     ; 2.5 V        ; 0 s                 ; 0 s                 ; 2.32 V                       ; 2.15e-07 V                   ; 2.41 V              ; -0.0492 V           ; 0.181 V                              ; 0.116 V                              ; 4.54e-10 s                  ; 4.44e-10 s                  ; No                         ; Yes                        ; 2.32 V                      ; 2.15e-07 V                  ; 2.41 V             ; -0.0492 V          ; 0.181 V                             ; 0.116 V                             ; 4.54e-10 s                 ; 4.44e-10 s                 ; No                        ; Yes                       ;
; HEX1[0]     ; 2.5 V        ; 0 s                 ; 0 s                 ; 2.32 V                       ; 2.15e-07 V                   ; 2.41 V              ; -0.0492 V           ; 0.181 V                              ; 0.116 V                              ; 4.54e-10 s                  ; 4.44e-10 s                  ; No                         ; Yes                        ; 2.32 V                      ; 2.15e-07 V                  ; 2.41 V             ; -0.0492 V          ; 0.181 V                             ; 0.116 V                             ; 4.54e-10 s                 ; 4.44e-10 s                 ; No                        ; Yes                       ;
; HEX1[1]     ; 2.5 V        ; 0 s                 ; 0 s                 ; 2.32 V                       ; 2.15e-07 V                   ; 2.41 V              ; -0.0495 V           ; 0.18 V                               ; 0.115 V                              ; 4.54e-10 s                  ; 4.44e-10 s                  ; No                         ; Yes                        ; 2.32 V                      ; 2.15e-07 V                  ; 2.41 V             ; -0.0495 V          ; 0.18 V                              ; 0.115 V                             ; 4.54e-10 s                 ; 4.44e-10 s                 ; No                        ; Yes                       ;
; HEX1[2]     ; 2.5 V        ; 0 s                 ; 0 s                 ; 2.32 V                       ; 2.15e-07 V                   ; 2.41 V              ; -0.0495 V           ; 0.18 V                               ; 0.115 V                              ; 4.54e-10 s                  ; 4.44e-10 s                  ; No                         ; Yes                        ; 2.32 V                      ; 2.15e-07 V                  ; 2.41 V             ; -0.0495 V          ; 0.18 V                              ; 0.115 V                             ; 4.54e-10 s                 ; 4.44e-10 s                 ; No                        ; Yes                       ;
; HEX1[3]     ; 2.5 V        ; 0 s                 ; 0 s                 ; 2.32 V                       ; 2.15e-07 V                   ; 2.41 V              ; -0.0492 V           ; 0.181 V                              ; 0.116 V                              ; 4.54e-10 s                  ; 4.44e-10 s                  ; No                         ; Yes                        ; 2.32 V                      ; 2.15e-07 V                  ; 2.41 V             ; -0.0492 V          ; 0.181 V                             ; 0.116 V                             ; 4.54e-10 s                 ; 4.44e-10 s                 ; No                        ; Yes                       ;
; HEX1[4]     ; 2.5 V        ; 0 s                 ; 0 s                 ; 2.32 V                       ; 2.15e-07 V                   ; 2.41 V              ; -0.0492 V           ; 0.181 V                              ; 0.116 V                              ; 4.54e-10 s                  ; 4.44e-10 s                  ; No                         ; Yes                        ; 2.32 V                      ; 2.15e-07 V                  ; 2.41 V             ; -0.0492 V          ; 0.181 V                             ; 0.116 V                             ; 4.54e-10 s                 ; 4.44e-10 s                 ; No                        ; Yes                       ;
; HEX1[5]     ; 2.5 V        ; 0 s                 ; 0 s                 ; 2.32 V                       ; 2.15e-07 V                   ; 2.41 V              ; -0.0495 V           ; 0.18 V                               ; 0.115 V                              ; 4.54e-10 s                  ; 4.44e-10 s                  ; No                         ; Yes                        ; 2.32 V                      ; 2.15e-07 V                  ; 2.41 V             ; -0.0495 V          ; 0.18 V                              ; 0.115 V                             ; 4.54e-10 s                 ; 4.44e-10 s                 ; No                        ; Yes                       ;
; HEX1[6]     ; 2.5 V        ; 0 s                 ; 0 s                 ; 2.32 V                       ; 2.15e-07 V                   ; 2.41 V              ; -0.0495 V           ; 0.18 V                               ; 0.115 V                              ; 4.54e-10 s                  ; 4.44e-10 s                  ; No                         ; Yes                        ; 2.32 V                      ; 2.15e-07 V                  ; 2.41 V             ; -0.0495 V          ; 0.18 V                              ; 0.115 V                             ; 4.54e-10 s                 ; 4.44e-10 s                 ; No                        ; Yes                       ;
; HEX0[0]     ; 2.5 V        ; 0 s                 ; 0 s                 ; 2.32 V                       ; 2.15e-07 V                   ; 2.41 V              ; -0.0495 V           ; 0.18 V                               ; 0.115 V                              ; 4.54e-10 s                  ; 4.44e-10 s                  ; No                         ; Yes                        ; 2.32 V                      ; 2.15e-07 V                  ; 2.41 V             ; -0.0495 V          ; 0.18 V                              ; 0.115 V                             ; 4.54e-10 s                 ; 4.44e-10 s                 ; No                        ; Yes                       ;
; HEX0[1]     ; 2.5 V        ; 0 s                 ; 0 s                 ; 2.32 V                       ; 2.15e-07 V                   ; 2.41 V              ; -0.0492 V           ; 0.181 V                              ; 0.116 V                              ; 4.54e-10 s                  ; 4.44e-10 s                  ; No                         ; Yes                        ; 2.32 V                      ; 2.15e-07 V                  ; 2.41 V             ; -0.0492 V          ; 0.181 V                             ; 0.116 V                             ; 4.54e-10 s                 ; 4.44e-10 s                 ; No                        ; Yes                       ;
; HEX0[2]     ; 2.5 V        ; 0 s                 ; 0 s                 ; 2.32 V                       ; 2.15e-07 V                   ; 2.41 V              ; -0.0492 V           ; 0.181 V                              ; 0.116 V                              ; 4.54e-10 s                  ; 4.44e-10 s                  ; No                         ; Yes                        ; 2.32 V                      ; 2.15e-07 V                  ; 2.41 V             ; -0.0492 V          ; 0.181 V                             ; 0.116 V                             ; 4.54e-10 s                 ; 4.44e-10 s                 ; No                        ; Yes                       ;
; HEX0[3]     ; 2.5 V        ; 0 s                 ; 0 s                 ; 2.32 V                       ; 2.15e-07 V                   ; 2.41 V              ; -0.0492 V           ; 0.181 V                              ; 0.116 V                              ; 4.54e-10 s                  ; 4.44e-10 s                  ; No                         ; Yes                        ; 2.32 V                      ; 2.15e-07 V                  ; 2.41 V             ; -0.0492 V          ; 0.181 V                             ; 0.116 V                             ; 4.54e-10 s                 ; 4.44e-10 s                 ; No                        ; Yes                       ;
; HEX0[4]     ; 2.5 V        ; 0 s                 ; 0 s                 ; 2.32 V                       ; 2.15e-07 V                   ; 2.41 V              ; -0.0495 V           ; 0.18 V                               ; 0.115 V                              ; 4.54e-10 s                  ; 4.44e-10 s                  ; No                         ; Yes                        ; 2.32 V                      ; 2.15e-07 V                  ; 2.41 V             ; -0.0495 V          ; 0.18 V                              ; 0.115 V                             ; 4.54e-10 s                 ; 4.44e-10 s                 ; No                        ; Yes                       ;
; HEX0[5]     ; 2.5 V        ; 0 s                 ; 0 s                 ; 2.32 V                       ; 2.15e-07 V                   ; 2.41 V              ; -0.0495 V           ; 0.18 V                               ; 0.115 V                              ; 4.54e-10 s                  ; 4.44e-10 s                  ; No                         ; Yes                        ; 2.32 V                      ; 2.15e-07 V                  ; 2.41 V             ; -0.0495 V          ; 0.18 V                              ; 0.115 V                             ; 4.54e-10 s                 ; 4.44e-10 s                 ; No                        ; Yes                       ;
; HEX0[6]     ; 2.5 V        ; 0 s                 ; 0 s                 ; 2.32 V                       ; 2.15e-07 V                   ; 2.41 V              ; -0.0492 V           ; 0.181 V                              ; 0.116 V                              ; 4.54e-10 s                  ; 4.44e-10 s                  ; No                         ; Yes                        ; 2.32 V                      ; 2.15e-07 V                  ; 2.41 V             ; -0.0492 V          ; 0.181 V                             ; 0.116 V                             ; 4.54e-10 s                 ; 4.44e-10 s                 ; No                        ; Yes                       ;
; VGA_R[0]    ; 2.5 V        ; 0 s                 ; 0 s                 ; 2.32 V                       ; 2.15e-07 V                   ; 2.41 V              ; -0.0495 V           ; 0.18 V                               ; 0.115 V                              ; 4.54e-10 s                  ; 4.44e-10 s                  ; No                         ; Yes                        ; 2.32 V                      ; 2.15e-07 V                  ; 2.41 V             ; -0.0495 V          ; 0.18 V                              ; 0.115 V                             ; 4.54e-10 s                 ; 4.44e-10 s                 ; No                        ; Yes                       ;
; VGA_R[1]    ; 2.5 V        ; 0 s                 ; 0 s                 ; 2.32 V                       ; 2.19e-07 V                   ; 2.4 V               ; -0.039 V            ; 0.21 V                               ; 0.145 V                              ; 4.67e-10 s                  ; 4.63e-10 s                  ; No                         ; Yes                        ; 2.32 V                      ; 2.19e-07 V                  ; 2.4 V              ; -0.039 V           ; 0.21 V                              ; 0.145 V                             ; 4.67e-10 s                 ; 4.63e-10 s                 ; No                        ; Yes                       ;
; VGA_R[2]    ; 2.5 V        ; 0 s                 ; 0 s                 ; 2.32 V                       ; 1.88e-07 V                   ; 2.35 V              ; -0.0185 V           ; 0.153 V                              ; 0.099 V                              ; 4.6e-10 s                   ; 4.48e-10 s                  ; No                         ; Yes                        ; 2.32 V                      ; 1.88e-07 V                  ; 2.35 V             ; -0.0185 V          ; 0.153 V                             ; 0.099 V                             ; 4.6e-10 s                  ; 4.48e-10 s                 ; No                        ; Yes                       ;
; VGA_R[3]    ; 2.5 V        ; 0 s                 ; 0 s                 ; 2.32 V                       ; 2.15e-07 V                   ; 2.41 V              ; -0.0492 V           ; 0.181 V                              ; 0.116 V                              ; 4.54e-10 s                  ; 4.44e-10 s                  ; No                         ; Yes                        ; 2.32 V                      ; 2.15e-07 V                  ; 2.41 V             ; -0.0492 V          ; 0.181 V                             ; 0.116 V                             ; 4.54e-10 s                 ; 4.44e-10 s                 ; No                        ; Yes                       ;
; VGA_G[0]    ; 2.5 V        ; 0 s                 ; 0 s                 ; 2.32 V                       ; 2.15e-07 V                   ; 2.41 V              ; -0.0492 V           ; 0.181 V                              ; 0.116 V                              ; 4.54e-10 s                  ; 4.44e-10 s                  ; No                         ; Yes                        ; 2.32 V                      ; 2.15e-07 V                  ; 2.41 V             ; -0.0492 V          ; 0.181 V                             ; 0.116 V                             ; 4.54e-10 s                 ; 4.44e-10 s                 ; No                        ; Yes                       ;
; VGA_G[1]    ; 2.5 V        ; 0 s                 ; 0 s                 ; 2.32 V                       ; 2.15e-07 V                   ; 2.41 V              ; -0.0495 V           ; 0.18 V                               ; 0.115 V                              ; 4.54e-10 s                  ; 4.44e-10 s                  ; No                         ; Yes                        ; 2.32 V                      ; 2.15e-07 V                  ; 2.41 V             ; -0.0495 V          ; 0.18 V                              ; 0.115 V                             ; 4.54e-10 s                 ; 4.44e-10 s                 ; No                        ; Yes                       ;
; VGA_G[2]    ; 2.5 V        ; 0 s                 ; 0 s                 ; 2.32 V                       ; 2.19e-07 V                   ; 2.4 V               ; -0.039 V            ; 0.21 V                               ; 0.145 V                              ; 4.67e-10 s                  ; 4.63e-10 s                  ; No                         ; Yes                        ; 2.32 V                      ; 2.19e-07 V                  ; 2.4 V              ; -0.039 V           ; 0.21 V                              ; 0.145 V                             ; 4.67e-10 s                 ; 4.63e-10 s                 ; No                        ; Yes                       ;
; VGA_G[3]    ; 2.5 V        ; 0 s                 ; 0 s                 ; 2.32 V                       ; 1.88e-07 V                   ; 2.35 V              ; -0.0185 V           ; 0.153 V                              ; 0.099 V                              ; 4.6e-10 s                   ; 4.48e-10 s                  ; No                         ; Yes                        ; 2.32 V                      ; 1.88e-07 V                  ; 2.35 V             ; -0.0185 V          ; 0.153 V                             ; 0.099 V                             ; 4.6e-10 s                  ; 4.48e-10 s                 ; No                        ; Yes                       ;
; VGA_B[0]    ; 2.5 V        ; 0 s                 ; 0 s                 ; 2.32 V                       ; 2.15e-07 V                   ; 2.41 V              ; -0.0492 V           ; 0.181 V                              ; 0.116 V                              ; 4.54e-10 s                  ; 4.44e-10 s                  ; No                         ; Yes                        ; 2.32 V                      ; 2.15e-07 V                  ; 2.41 V             ; -0.0492 V          ; 0.181 V                             ; 0.116 V                             ; 4.54e-10 s                 ; 4.44e-10 s                 ; No                        ; Yes                       ;
; VGA_B[1]    ; 2.5 V        ; 0 s                 ; 0 s                 ; 2.32 V                       ; 2.15e-07 V                   ; 2.41 V              ; -0.0495 V           ; 0.18 V                               ; 0.115 V                              ; 4.54e-10 s                  ; 4.44e-10 s                  ; No                         ; Yes                        ; 2.32 V                      ; 2.15e-07 V                  ; 2.41 V             ; -0.0495 V          ; 0.18 V                              ; 0.115 V                             ; 4.54e-10 s                 ; 4.44e-10 s                 ; No                        ; Yes                       ;
; VGA_B[2]    ; 2.5 V        ; 0 s                 ; 0 s                 ; 2.32 V                       ; 2.19e-07 V                   ; 2.4 V               ; -0.039 V            ; 0.21 V                               ; 0.145 V                              ; 4.67e-10 s                  ; 4.63e-10 s                  ; No                         ; Yes                        ; 2.32 V                      ; 2.19e-07 V                  ; 2.4 V              ; -0.039 V           ; 0.21 V                              ; 0.145 V                             ; 4.67e-10 s                 ; 4.63e-10 s                 ; No                        ; Yes                       ;
; VGA_B[3]    ; 2.5 V        ; 0 s                 ; 0 s                 ; 2.32 V                       ; 1.88e-07 V                   ; 2.35 V              ; -0.0185 V           ; 0.153 V                              ; 0.099 V                              ; 4.6e-10 s                   ; 4.48e-10 s                  ; No                         ; Yes                        ; 2.32 V                      ; 1.88e-07 V                  ; 2.35 V             ; -0.0185 V          ; 0.153 V                             ; 0.099 V                             ; 4.6e-10 s                  ; 4.48e-10 s                 ; No                        ; Yes                       ;
; VGA_HS      ; 2.5 V        ; 0 s                 ; 0 s                 ; 2.32 V                       ; 2.15e-07 V                   ; 2.41 V              ; -0.0492 V           ; 0.181 V                              ; 0.116 V                              ; 4.54e-10 s                  ; 4.44e-10 s                  ; No                         ; Yes                        ; 2.32 V                      ; 2.15e-07 V                  ; 2.41 V             ; -0.0492 V          ; 0.181 V                             ; 0.116 V                             ; 4.54e-10 s                 ; 4.44e-10 s                 ; No                        ; Yes                       ;
; VGA_VS      ; 2.5 V        ; 0 s                 ; 0 s                 ; 2.32 V                       ; 2.15e-07 V                   ; 2.41 V              ; -0.0495 V           ; 0.18 V                               ; 0.115 V                              ; 4.54e-10 s                  ; 4.44e-10 s                  ; No                         ; Yes                        ; 2.32 V                      ; 2.15e-07 V                  ; 2.41 V             ; -0.0495 V          ; 0.18 V                              ; 0.115 V                             ; 4.54e-10 s                 ; 4.44e-10 s                 ; No                        ; Yes                       ;
; VGA_CLK     ; 2.5 V        ; 0 s                 ; 0 s                 ; 2.32 V                       ; 2.15e-07 V                   ; 2.41 V              ; -0.0492 V           ; 0.181 V                              ; 0.116 V                              ; 4.54e-10 s                  ; 4.44e-10 s                  ; No                         ; Yes                        ; 2.32 V                      ; 2.15e-07 V                  ; 2.41 V             ; -0.0492 V          ; 0.181 V                             ; 0.116 V                             ; 4.54e-10 s                 ; 4.44e-10 s                 ; No                        ; Yes                       ;
; VGA_BLANK_N ; 2.5 V        ; 0 s                 ; 0 s                 ; 2.32 V                       ; 2.15e-07 V                   ; 2.41 V              ; -0.0492 V           ; 0.181 V                              ; 0.116 V                              ; 4.54e-10 s                  ; 4.44e-10 s                  ; No                         ; Yes                        ; 2.32 V                      ; 2.15e-07 V                  ; 2.41 V             ; -0.0492 V          ; 0.181 V                             ; 0.116 V                             ; 4.54e-10 s                 ; 4.44e-10 s                 ; No                        ; Yes                       ;
; VGA_SYNC_N  ; 2.5 V        ; 0 s                 ; 0 s                 ; 2.32 V                       ; 2.19e-07 V                   ; 2.4 V               ; -0.039 V            ; 0.21 V                               ; 0.145 V                              ; 4.67e-10 s                  ; 4.63e-10 s                  ; No                         ; Yes                        ; 2.32 V                      ; 2.19e-07 V                  ; 2.4 V              ; -0.039 V           ; 0.21 V                              ; 0.145 V                             ; 4.67e-10 s                 ; 4.63e-10 s                 ; No                        ; Yes                       ;
+-------------+--------------+---------------------+---------------------+------------------------------+------------------------------+---------------------+---------------------+--------------------------------------+--------------------------------------+-----------------------------+-----------------------------+----------------------------+----------------------------+-----------------------------+-----------------------------+--------------------+--------------------+-------------------------------------+-------------------------------------+----------------------------+----------------------------+---------------------------+---------------------------+


+------------------------------------------------------------------------------------------------------------------------------------------------------------------------------------------------------------------------------------------------------------------------------------------------------------------------------------------------------------------------------------------------------------------------------------------------------------------------------------------------------------------------------------------------------------------------------------------------------------------------------------------------------------------------------------------+
; Signal Integrity Metrics (Slow 1100mv 85c Model)                                                                                                                                                                                                                                                                                                                                                                                                                                                                                                                                                                                                                                         ;
+-------------+--------------+---------------------+---------------------+------------------------------+------------------------------+---------------------+---------------------+--------------------------------------+--------------------------------------+-----------------------------+-----------------------------+----------------------------+----------------------------+-----------------------------+-----------------------------+--------------------+--------------------+-------------------------------------+-------------------------------------+----------------------------+----------------------------+---------------------------+---------------------------+
; Pin         ; I/O Standard ; Board Delay on Rise ; Board Delay on Fall ; Steady State Voh at FPGA Pin ; Steady State Vol at FPGA Pin ; Voh Max at FPGA Pin ; Vol Min at FPGA Pin ; Ringback Voltage on Rise at FPGA Pin ; Ringback Voltage on Fall at FPGA Pin ; 10-90 Rise Time at FPGA Pin ; 90-10 Fall Time at FPGA Pin ; Monotonic Rise at FPGA Pin ; Monotonic Fall at FPGA Pin ; Steady State Voh at Far-end ; Steady State Vol at Far-end ; Voh Max at Far-end ; Vol Min at Far-end ; Ringback Voltage on Rise at Far-end ; Ringback Voltage on Fall at Far-end ; 10-90 Rise Time at Far-end ; 90-10 Fall Time at Far-end ; Monotonic Rise at Far-end ; Monotonic Fall at Far-end ;
+-------------+--------------+---------------------+---------------------+------------------------------+------------------------------+---------------------+---------------------+--------------------------------------+--------------------------------------+-----------------------------+-----------------------------+----------------------------+----------------------------+-----------------------------+-----------------------------+--------------------+--------------------+-------------------------------------+-------------------------------------+----------------------------+----------------------------+---------------------------+---------------------------+
; LEDR[0]     ; 2.5 V        ; 0 s                 ; 0 s                 ; 2.32 V                       ; 2.52e-05 V                   ; 2.38 V              ; -0.032 V            ; 0.204 V                              ; 0.181 V                              ; 4.74e-10 s                  ; 4.85e-10 s                  ; No                         ; Yes                        ; 2.32 V                      ; 2.52e-05 V                  ; 2.38 V             ; -0.032 V           ; 0.204 V                             ; 0.181 V                             ; 4.74e-10 s                 ; 4.85e-10 s                 ; No                        ; Yes                       ;
; LEDR[1]     ; 2.5 V        ; 0 s                 ; 0 s                 ; 2.32 V                       ; 2.52e-05 V                   ; 2.38 V              ; -0.0315 V           ; 0.205 V                              ; 0.182 V                              ; 4.74e-10 s                  ; 4.85e-10 s                  ; No                         ; Yes                        ; 2.32 V                      ; 2.52e-05 V                  ; 2.38 V             ; -0.0315 V          ; 0.205 V                             ; 0.182 V                             ; 4.74e-10 s                 ; 4.85e-10 s                 ; No                        ; Yes                       ;
; LEDR[2]     ; 2.5 V        ; 0 s                 ; 0 s                 ; 2.32 V                       ; 2.27e-05 V                   ; 2.34 V              ; -0.0089 V           ; 0.206 V                              ; 0.058 V                              ; 4.97e-10 s                  ; 5.13e-10 s                  ; Yes                        ; Yes                        ; 2.32 V                      ; 2.27e-05 V                  ; 2.34 V             ; -0.0089 V          ; 0.206 V                             ; 0.058 V                             ; 4.97e-10 s                 ; 5.13e-10 s                 ; Yes                       ; Yes                       ;
; LEDR[3]     ; 2.5 V        ; 0 s                 ; 0 s                 ; 2.32 V                       ; 2.56e-05 V                   ; 2.38 V              ; -0.026 V            ; 0.249 V                              ; 0.089 V                              ; 4.95e-10 s                  ; 6.01e-10 s                  ; No                         ; Yes                        ; 2.32 V                      ; 2.56e-05 V                  ; 2.38 V             ; -0.026 V           ; 0.249 V                             ; 0.089 V                             ; 4.95e-10 s                 ; 6.01e-10 s                 ; No                        ; Yes                       ;
; LEDR[4]     ; 2.5 V        ; 0 s                 ; 0 s                 ; 2.32 V                       ; 2.52e-05 V                   ; 2.38 V              ; -0.032 V            ; 0.204 V                              ; 0.181 V                              ; 4.74e-10 s                  ; 4.85e-10 s                  ; No                         ; Yes                        ; 2.32 V                      ; 2.52e-05 V                  ; 2.38 V             ; -0.032 V           ; 0.204 V                             ; 0.181 V                             ; 4.74e-10 s                 ; 4.85e-10 s                 ; No                        ; Yes                       ;
; LEDR[5]     ; 2.5 V        ; 0 s                 ; 0 s                 ; 2.32 V                       ; 2.52e-05 V                   ; 2.38 V              ; -0.0315 V           ; 0.205 V                              ; 0.182 V                              ; 4.74e-10 s                  ; 4.85e-10 s                  ; No                         ; Yes                        ; 2.32 V                      ; 2.52e-05 V                  ; 2.38 V             ; -0.0315 V          ; 0.205 V                             ; 0.182 V                             ; 4.74e-10 s                 ; 4.85e-10 s                 ; No                        ; Yes                       ;
; LEDR[6]     ; 2.5 V        ; 0 s                 ; 0 s                 ; 2.32 V                       ; 2.56e-05 V                   ; 2.38 V              ; -0.026 V            ; 0.249 V                              ; 0.089 V                              ; 4.95e-10 s                  ; 6.01e-10 s                  ; No                         ; Yes                        ; 2.32 V                      ; 2.56e-05 V                  ; 2.38 V             ; -0.026 V           ; 0.249 V                             ; 0.089 V                             ; 4.95e-10 s                 ; 6.01e-10 s                 ; No                        ; Yes                       ;
; LEDR[7]     ; 2.5 V        ; 0 s                 ; 0 s                 ; 2.32 V                       ; 2.27e-05 V                   ; 2.34 V              ; -0.0089 V           ; 0.206 V                              ; 0.058 V                              ; 4.97e-10 s                  ; 5.13e-10 s                  ; Yes                        ; Yes                        ; 2.32 V                      ; 2.27e-05 V                  ; 2.34 V             ; -0.0089 V          ; 0.206 V                             ; 0.058 V                             ; 4.97e-10 s                 ; 5.13e-10 s                 ; Yes                       ; Yes                       ;
; LEDR[8]     ; 2.5 V        ; 0 s                 ; 0 s                 ; 2.32 V                       ; 2.52e-05 V                   ; 2.38 V              ; -0.032 V            ; 0.204 V                              ; 0.181 V                              ; 4.74e-10 s                  ; 4.85e-10 s                  ; No                         ; Yes                        ; 2.32 V                      ; 2.52e-05 V                  ; 2.38 V             ; -0.032 V           ; 0.204 V                             ; 0.181 V                             ; 4.74e-10 s                 ; 4.85e-10 s                 ; No                        ; Yes                       ;
; LEDR[9]     ; 2.5 V        ; 0 s                 ; 0 s                 ; 2.32 V                       ; 2.52e-05 V                   ; 2.38 V              ; -0.0315 V           ; 0.205 V                              ; 0.182 V                              ; 4.74e-10 s                  ; 4.85e-10 s                  ; No                         ; Yes                        ; 2.32 V                      ; 2.52e-05 V                  ; 2.38 V             ; -0.0315 V          ; 0.205 V                             ; 0.182 V                             ; 4.74e-10 s                 ; 4.85e-10 s                 ; No                        ; Yes                       ;
; HEX5[0]     ; 2.5 V        ; 0 s                 ; 0 s                 ; 2.32 V                       ; 2.56e-05 V                   ; 2.38 V              ; -0.026 V            ; 0.249 V                              ; 0.089 V                              ; 4.95e-10 s                  ; 6.01e-10 s                  ; No                         ; Yes                        ; 2.32 V                      ; 2.56e-05 V                  ; 2.38 V             ; -0.026 V           ; 0.249 V                             ; 0.089 V                             ; 4.95e-10 s                 ; 6.01e-10 s                 ; No                        ; Yes                       ;
; HEX5[1]     ; 2.5 V        ; 0 s                 ; 0 s                 ; 2.32 V                       ; 2.27e-05 V                   ; 2.34 V              ; -0.0089 V           ; 0.206 V                              ; 0.058 V                              ; 4.97e-10 s                  ; 5.13e-10 s                  ; Yes                        ; Yes                        ; 2.32 V                      ; 2.27e-05 V                  ; 2.34 V             ; -0.0089 V          ; 0.206 V                             ; 0.058 V                             ; 4.97e-10 s                 ; 5.13e-10 s                 ; Yes                       ; Yes                       ;
; HEX5[2]     ; 2.5 V        ; 0 s                 ; 0 s                 ; 2.32 V                       ; 2.27e-05 V                   ; 2.34 V              ; -0.0089 V           ; 0.206 V                              ; 0.058 V                              ; 4.97e-10 s                  ; 5.13e-10 s                  ; Yes                        ; Yes                        ; 2.32 V                      ; 2.27e-05 V                  ; 2.34 V             ; -0.0089 V          ; 0.206 V                             ; 0.058 V                             ; 4.97e-10 s                 ; 5.13e-10 s                 ; Yes                       ; Yes                       ;
; HEX5[3]     ; 2.5 V        ; 0 s                 ; 0 s                 ; 2.32 V                       ; 2.27e-05 V                   ; 2.34 V              ; -0.0089 V           ; 0.206 V                              ; 0.058 V                              ; 4.97e-10 s                  ; 5.13e-10 s                  ; Yes                        ; Yes                        ; 2.32 V                      ; 2.27e-05 V                  ; 2.34 V             ; -0.0089 V          ; 0.206 V                             ; 0.058 V                             ; 4.97e-10 s                 ; 5.13e-10 s                 ; Yes                       ; Yes                       ;
; HEX5[4]     ; 2.5 V        ; 0 s                 ; 0 s                 ; 2.32 V                       ; 2.52e-05 V                   ; 2.38 V              ; -0.0315 V           ; 0.205 V                              ; 0.182 V                              ; 4.74e-10 s                  ; 4.85e-10 s                  ; No                         ; Yes                        ; 2.32 V                      ; 2.52e-05 V                  ; 2.38 V             ; -0.0315 V          ; 0.205 V                             ; 0.182 V                             ; 4.74e-10 s                 ; 4.85e-10 s                 ; No                        ; Yes                       ;
; HEX5[5]     ; 2.5 V        ; 0 s                 ; 0 s                 ; 2.32 V                       ; 2.52e-05 V                   ; 2.38 V              ; -0.032 V            ; 0.204 V                              ; 0.181 V                              ; 4.74e-10 s                  ; 4.85e-10 s                  ; No                         ; Yes                        ; 2.32 V                      ; 2.52e-05 V                  ; 2.38 V             ; -0.032 V           ; 0.204 V                             ; 0.181 V                             ; 4.74e-10 s                 ; 4.85e-10 s                 ; No                        ; Yes                       ;
; HEX5[6]     ; 2.5 V        ; 0 s                 ; 0 s                 ; 2.32 V                       ; 2.56e-05 V                   ; 2.38 V              ; -0.026 V            ; 0.249 V                              ; 0.089 V                              ; 4.95e-10 s                  ; 6.01e-10 s                  ; No                         ; Yes                        ; 2.32 V                      ; 2.56e-05 V                  ; 2.38 V             ; -0.026 V           ; 0.249 V                             ; 0.089 V                             ; 4.95e-10 s                 ; 6.01e-10 s                 ; No                        ; Yes                       ;
; HEX4[0]     ; 2.5 V        ; 0 s                 ; 0 s                 ; 2.32 V                       ; 2.52e-05 V                   ; 2.38 V              ; -0.032 V            ; 0.204 V                              ; 0.181 V                              ; 4.74e-10 s                  ; 4.85e-10 s                  ; No                         ; Yes                        ; 2.32 V                      ; 2.52e-05 V                  ; 2.38 V             ; -0.032 V           ; 0.204 V                             ; 0.181 V                             ; 4.74e-10 s                 ; 4.85e-10 s                 ; No                        ; Yes                       ;
; HEX4[1]     ; 2.5 V        ; 0 s                 ; 0 s                 ; 2.32 V                       ; 2.27e-05 V                   ; 2.34 V              ; -0.0089 V           ; 0.206 V                              ; 0.058 V                              ; 4.97e-10 s                  ; 5.13e-10 s                  ; Yes                        ; Yes                        ; 2.32 V                      ; 2.27e-05 V                  ; 2.34 V             ; -0.0089 V          ; 0.206 V                             ; 0.058 V                             ; 4.97e-10 s                 ; 5.13e-10 s                 ; Yes                       ; Yes                       ;
; HEX4[2]     ; 2.5 V        ; 0 s                 ; 0 s                 ; 2.32 V                       ; 2.27e-05 V                   ; 2.34 V              ; -0.0089 V           ; 0.206 V                              ; 0.058 V                              ; 4.97e-10 s                  ; 5.13e-10 s                  ; Yes                        ; Yes                        ; 2.32 V                      ; 2.27e-05 V                  ; 2.34 V             ; -0.0089 V          ; 0.206 V                             ; 0.058 V                             ; 4.97e-10 s                 ; 5.13e-10 s                 ; Yes                       ; Yes                       ;
; HEX4[3]     ; 2.5 V        ; 0 s                 ; 0 s                 ; 2.32 V                       ; 2.27e-05 V                   ; 2.34 V              ; -0.0089 V           ; 0.206 V                              ; 0.058 V                              ; 4.97e-10 s                  ; 5.13e-10 s                  ; Yes                        ; Yes                        ; 2.32 V                      ; 2.27e-05 V                  ; 2.34 V             ; -0.0089 V          ; 0.206 V                             ; 0.058 V                             ; 4.97e-10 s                 ; 5.13e-10 s                 ; Yes                       ; Yes                       ;
; HEX4[4]     ; 2.5 V        ; 0 s                 ; 0 s                 ; 2.32 V                       ; 2.56e-05 V                   ; 2.38 V              ; -0.026 V            ; 0.249 V                              ; 0.089 V                              ; 4.95e-10 s                  ; 6.01e-10 s                  ; No                         ; Yes                        ; 2.32 V                      ; 2.56e-05 V                  ; 2.38 V             ; -0.026 V           ; 0.249 V                             ; 0.089 V                             ; 4.95e-10 s                 ; 6.01e-10 s                 ; No                        ; Yes                       ;
; HEX4[5]     ; 2.5 V        ; 0 s                 ; 0 s                 ; 2.32 V                       ; 2.56e-05 V                   ; 2.38 V              ; -0.026 V            ; 0.249 V                              ; 0.089 V                              ; 4.95e-10 s                  ; 6.01e-10 s                  ; No                         ; Yes                        ; 2.32 V                      ; 2.56e-05 V                  ; 2.38 V             ; -0.026 V           ; 0.249 V                             ; 0.089 V                             ; 4.95e-10 s                 ; 6.01e-10 s                 ; No                        ; Yes                       ;
; HEX4[6]     ; 2.5 V        ; 0 s                 ; 0 s                 ; 2.32 V                       ; 2.27e-05 V                   ; 2.34 V              ; -0.0089 V           ; 0.206 V                              ; 0.058 V                              ; 4.97e-10 s                  ; 5.13e-10 s                  ; Yes                        ; Yes                        ; 2.32 V                      ; 2.27e-05 V                  ; 2.34 V             ; -0.0089 V          ; 0.206 V                             ; 0.058 V                             ; 4.97e-10 s                 ; 5.13e-10 s                 ; Yes                       ; Yes                       ;
; HEX3[0]     ; 2.5 V        ; 0 s                 ; 0 s                 ; 2.32 V                       ; 2.27e-05 V                   ; 2.34 V              ; -0.0089 V           ; 0.206 V                              ; 0.058 V                              ; 4.97e-10 s                  ; 5.13e-10 s                  ; Yes                        ; Yes                        ; 2.32 V                      ; 2.27e-05 V                  ; 2.34 V             ; -0.0089 V          ; 0.206 V                             ; 0.058 V                             ; 4.97e-10 s                 ; 5.13e-10 s                 ; Yes                       ; Yes                       ;
; HEX3[1]     ; 2.5 V        ; 0 s                 ; 0 s                 ; 2.32 V                       ; 2.56e-05 V                   ; 2.38 V              ; -0.026 V            ; 0.249 V                              ; 0.089 V                              ; 4.95e-10 s                  ; 6.01e-10 s                  ; No                         ; Yes                        ; 2.32 V                      ; 2.56e-05 V                  ; 2.38 V             ; -0.026 V           ; 0.249 V                             ; 0.089 V                             ; 4.95e-10 s                 ; 6.01e-10 s                 ; No                        ; Yes                       ;
; HEX3[2]     ; 2.5 V        ; 0 s                 ; 0 s                 ; 2.32 V                       ; 2.56e-05 V                   ; 2.38 V              ; -0.026 V            ; 0.249 V                              ; 0.089 V                              ; 4.95e-10 s                  ; 6.01e-10 s                  ; No                         ; Yes                        ; 2.32 V                      ; 2.56e-05 V                  ; 2.38 V             ; -0.026 V           ; 0.249 V                             ; 0.089 V                             ; 4.95e-10 s                 ; 6.01e-10 s                 ; No                        ; Yes                       ;
; HEX3[3]     ; 2.5 V        ; 0 s                 ; 0 s                 ; 2.32 V                       ; 2.27e-05 V                   ; 2.34 V              ; -0.0089 V           ; 0.206 V                              ; 0.058 V                              ; 4.97e-10 s                  ; 5.13e-10 s                  ; Yes                        ; Yes                        ; 2.32 V                      ; 2.27e-05 V                  ; 2.34 V             ; -0.0089 V          ; 0.206 V                             ; 0.058 V                             ; 4.97e-10 s                 ; 5.13e-10 s                 ; Yes                       ; Yes                       ;
; HEX3[4]     ; 2.5 V        ; 0 s                 ; 0 s                 ; 2.32 V                       ; 2.56e-05 V                   ; 2.38 V              ; -0.026 V            ; 0.249 V                              ; 0.089 V                              ; 4.95e-10 s                  ; 6.01e-10 s                  ; No                         ; Yes                        ; 2.32 V                      ; 2.56e-05 V                  ; 2.38 V             ; -0.026 V           ; 0.249 V                             ; 0.089 V                             ; 4.95e-10 s                 ; 6.01e-10 s                 ; No                        ; Yes                       ;
; HEX3[5]     ; 2.5 V        ; 0 s                 ; 0 s                 ; 2.32 V                       ; 2.56e-05 V                   ; 2.38 V              ; -0.026 V            ; 0.249 V                              ; 0.089 V                              ; 4.95e-10 s                  ; 6.01e-10 s                  ; No                         ; Yes                        ; 2.32 V                      ; 2.56e-05 V                  ; 2.38 V             ; -0.026 V           ; 0.249 V                             ; 0.089 V                             ; 4.95e-10 s                 ; 6.01e-10 s                 ; No                        ; Yes                       ;
; HEX3[6]     ; 2.5 V        ; 0 s                 ; 0 s                 ; 2.32 V                       ; 2.27e-05 V                   ; 2.34 V              ; -0.0089 V           ; 0.206 V                              ; 0.058 V                              ; 4.97e-10 s                  ; 5.13e-10 s                  ; Yes                        ; Yes                        ; 2.32 V                      ; 2.27e-05 V                  ; 2.34 V             ; -0.0089 V          ; 0.206 V                             ; 0.058 V                             ; 4.97e-10 s                 ; 5.13e-10 s                 ; Yes                       ; Yes                       ;
; HEX2[0]     ; 2.5 V        ; 0 s                 ; 0 s                 ; 2.32 V                       ; 2.56e-05 V                   ; 2.38 V              ; -0.026 V            ; 0.249 V                              ; 0.089 V                              ; 4.95e-10 s                  ; 6.01e-10 s                  ; No                         ; Yes                        ; 2.32 V                      ; 2.56e-05 V                  ; 2.38 V             ; -0.026 V           ; 0.249 V                             ; 0.089 V                             ; 4.95e-10 s                 ; 6.01e-10 s                 ; No                        ; Yes                       ;
; HEX2[1]     ; 2.5 V        ; 0 s                 ; 0 s                 ; 2.32 V                       ; 2.52e-05 V                   ; 2.38 V              ; -0.0315 V           ; 0.205 V                              ; 0.182 V                              ; 4.74e-10 s                  ; 4.85e-10 s                  ; No                         ; Yes                        ; 2.32 V                      ; 2.52e-05 V                  ; 2.38 V             ; -0.0315 V          ; 0.205 V                             ; 0.182 V                             ; 4.74e-10 s                 ; 4.85e-10 s                 ; No                        ; Yes                       ;
; HEX2[2]     ; 2.5 V        ; 0 s                 ; 0 s                 ; 2.32 V                       ; 2.52e-05 V                   ; 2.38 V              ; -0.0315 V           ; 0.205 V                              ; 0.182 V                              ; 4.74e-10 s                  ; 4.85e-10 s                  ; No                         ; Yes                        ; 2.32 V                      ; 2.52e-05 V                  ; 2.38 V             ; -0.0315 V          ; 0.205 V                             ; 0.182 V                             ; 4.74e-10 s                 ; 4.85e-10 s                 ; No                        ; Yes                       ;
; HEX2[3]     ; 2.5 V        ; 0 s                 ; 0 s                 ; 2.32 V                       ; 2.27e-05 V                   ; 2.34 V              ; -0.0089 V           ; 0.206 V                              ; 0.058 V                              ; 4.97e-10 s                  ; 5.13e-10 s                  ; Yes                        ; Yes                        ; 2.32 V                      ; 2.27e-05 V                  ; 2.34 V             ; -0.0089 V          ; 0.206 V                             ; 0.058 V                             ; 4.97e-10 s                 ; 5.13e-10 s                 ; Yes                       ; Yes                       ;
; HEX2[4]     ; 2.5 V        ; 0 s                 ; 0 s                 ; 2.32 V                       ; 2.27e-05 V                   ; 2.34 V              ; -0.0089 V           ; 0.206 V                              ; 0.058 V                              ; 4.97e-10 s                  ; 5.13e-10 s                  ; Yes                        ; Yes                        ; 2.32 V                      ; 2.27e-05 V                  ; 2.34 V             ; -0.0089 V          ; 0.206 V                             ; 0.058 V                             ; 4.97e-10 s                 ; 5.13e-10 s                 ; Yes                       ; Yes                       ;
; HEX2[5]     ; 2.5 V        ; 0 s                 ; 0 s                 ; 2.32 V                       ; 2.52e-05 V                   ; 2.38 V              ; -0.0315 V           ; 0.205 V                              ; 0.182 V                              ; 4.74e-10 s                  ; 4.85e-10 s                  ; No                         ; Yes                        ; 2.32 V                      ; 2.52e-05 V                  ; 2.38 V             ; -0.0315 V          ; 0.205 V                             ; 0.182 V                             ; 4.74e-10 s                 ; 4.85e-10 s                 ; No                        ; Yes                       ;
; HEX2[6]     ; 2.5 V        ; 0 s                 ; 0 s                 ; 2.32 V                       ; 2.52e-05 V                   ; 2.38 V              ; -0.032 V            ; 0.204 V                              ; 0.181 V                              ; 4.74e-10 s                  ; 4.85e-10 s                  ; No                         ; Yes                        ; 2.32 V                      ; 2.52e-05 V                  ; 2.38 V             ; -0.032 V           ; 0.204 V                             ; 0.181 V                             ; 4.74e-10 s                 ; 4.85e-10 s                 ; No                        ; Yes                       ;
; HEX1[0]     ; 2.5 V        ; 0 s                 ; 0 s                 ; 2.32 V                       ; 2.52e-05 V                   ; 2.38 V              ; -0.032 V            ; 0.204 V                              ; 0.181 V                              ; 4.74e-10 s                  ; 4.85e-10 s                  ; No                         ; Yes                        ; 2.32 V                      ; 2.52e-05 V                  ; 2.38 V             ; -0.032 V           ; 0.204 V                             ; 0.181 V                             ; 4.74e-10 s                 ; 4.85e-10 s                 ; No                        ; Yes                       ;
; HEX1[1]     ; 2.5 V        ; 0 s                 ; 0 s                 ; 2.32 V                       ; 2.52e-05 V                   ; 2.38 V              ; -0.0315 V           ; 0.205 V                              ; 0.182 V                              ; 4.74e-10 s                  ; 4.85e-10 s                  ; No                         ; Yes                        ; 2.32 V                      ; 2.52e-05 V                  ; 2.38 V             ; -0.0315 V          ; 0.205 V                             ; 0.182 V                             ; 4.74e-10 s                 ; 4.85e-10 s                 ; No                        ; Yes                       ;
; HEX1[2]     ; 2.5 V        ; 0 s                 ; 0 s                 ; 2.32 V                       ; 2.52e-05 V                   ; 2.38 V              ; -0.0315 V           ; 0.205 V                              ; 0.182 V                              ; 4.74e-10 s                  ; 4.85e-10 s                  ; No                         ; Yes                        ; 2.32 V                      ; 2.52e-05 V                  ; 2.38 V             ; -0.0315 V          ; 0.205 V                             ; 0.182 V                             ; 4.74e-10 s                 ; 4.85e-10 s                 ; No                        ; Yes                       ;
; HEX1[3]     ; 2.5 V        ; 0 s                 ; 0 s                 ; 2.32 V                       ; 2.52e-05 V                   ; 2.38 V              ; -0.032 V            ; 0.204 V                              ; 0.181 V                              ; 4.74e-10 s                  ; 4.85e-10 s                  ; No                         ; Yes                        ; 2.32 V                      ; 2.52e-05 V                  ; 2.38 V             ; -0.032 V           ; 0.204 V                             ; 0.181 V                             ; 4.74e-10 s                 ; 4.85e-10 s                 ; No                        ; Yes                       ;
; HEX1[4]     ; 2.5 V        ; 0 s                 ; 0 s                 ; 2.32 V                       ; 2.52e-05 V                   ; 2.38 V              ; -0.032 V            ; 0.204 V                              ; 0.181 V                              ; 4.74e-10 s                  ; 4.85e-10 s                  ; No                         ; Yes                        ; 2.32 V                      ; 2.52e-05 V                  ; 2.38 V             ; -0.032 V           ; 0.204 V                             ; 0.181 V                             ; 4.74e-10 s                 ; 4.85e-10 s                 ; No                        ; Yes                       ;
; HEX1[5]     ; 2.5 V        ; 0 s                 ; 0 s                 ; 2.32 V                       ; 2.52e-05 V                   ; 2.38 V              ; -0.0315 V           ; 0.205 V                              ; 0.182 V                              ; 4.74e-10 s                  ; 4.85e-10 s                  ; No                         ; Yes                        ; 2.32 V                      ; 2.52e-05 V                  ; 2.38 V             ; -0.0315 V          ; 0.205 V                             ; 0.182 V                             ; 4.74e-10 s                 ; 4.85e-10 s                 ; No                        ; Yes                       ;
; HEX1[6]     ; 2.5 V        ; 0 s                 ; 0 s                 ; 2.32 V                       ; 2.52e-05 V                   ; 2.38 V              ; -0.0315 V           ; 0.205 V                              ; 0.182 V                              ; 4.74e-10 s                  ; 4.85e-10 s                  ; No                         ; Yes                        ; 2.32 V                      ; 2.52e-05 V                  ; 2.38 V             ; -0.0315 V          ; 0.205 V                             ; 0.182 V                             ; 4.74e-10 s                 ; 4.85e-10 s                 ; No                        ; Yes                       ;
; HEX0[0]     ; 2.5 V        ; 0 s                 ; 0 s                 ; 2.32 V                       ; 2.52e-05 V                   ; 2.38 V              ; -0.0315 V           ; 0.205 V                              ; 0.182 V                              ; 4.74e-10 s                  ; 4.85e-10 s                  ; No                         ; Yes                        ; 2.32 V                      ; 2.52e-05 V                  ; 2.38 V             ; -0.0315 V          ; 0.205 V                             ; 0.182 V                             ; 4.74e-10 s                 ; 4.85e-10 s                 ; No                        ; Yes                       ;
; HEX0[1]     ; 2.5 V        ; 0 s                 ; 0 s                 ; 2.32 V                       ; 2.52e-05 V                   ; 2.38 V              ; -0.032 V            ; 0.204 V                              ; 0.181 V                              ; 4.74e-10 s                  ; 4.85e-10 s                  ; No                         ; Yes                        ; 2.32 V                      ; 2.52e-05 V                  ; 2.38 V             ; -0.032 V           ; 0.204 V                             ; 0.181 V                             ; 4.74e-10 s                 ; 4.85e-10 s                 ; No                        ; Yes                       ;
; HEX0[2]     ; 2.5 V        ; 0 s                 ; 0 s                 ; 2.32 V                       ; 2.52e-05 V                   ; 2.38 V              ; -0.032 V            ; 0.204 V                              ; 0.181 V                              ; 4.74e-10 s                  ; 4.85e-10 s                  ; No                         ; Yes                        ; 2.32 V                      ; 2.52e-05 V                  ; 2.38 V             ; -0.032 V           ; 0.204 V                             ; 0.181 V                             ; 4.74e-10 s                 ; 4.85e-10 s                 ; No                        ; Yes                       ;
; HEX0[3]     ; 2.5 V        ; 0 s                 ; 0 s                 ; 2.32 V                       ; 2.52e-05 V                   ; 2.38 V              ; -0.032 V            ; 0.204 V                              ; 0.181 V                              ; 4.74e-10 s                  ; 4.85e-10 s                  ; No                         ; Yes                        ; 2.32 V                      ; 2.52e-05 V                  ; 2.38 V             ; -0.032 V           ; 0.204 V                             ; 0.181 V                             ; 4.74e-10 s                 ; 4.85e-10 s                 ; No                        ; Yes                       ;
; HEX0[4]     ; 2.5 V        ; 0 s                 ; 0 s                 ; 2.32 V                       ; 2.52e-05 V                   ; 2.38 V              ; -0.0315 V           ; 0.205 V                              ; 0.182 V                              ; 4.74e-10 s                  ; 4.85e-10 s                  ; No                         ; Yes                        ; 2.32 V                      ; 2.52e-05 V                  ; 2.38 V             ; -0.0315 V          ; 0.205 V                             ; 0.182 V                             ; 4.74e-10 s                 ; 4.85e-10 s                 ; No                        ; Yes                       ;
; HEX0[5]     ; 2.5 V        ; 0 s                 ; 0 s                 ; 2.32 V                       ; 2.52e-05 V                   ; 2.38 V              ; -0.0315 V           ; 0.205 V                              ; 0.182 V                              ; 4.74e-10 s                  ; 4.85e-10 s                  ; No                         ; Yes                        ; 2.32 V                      ; 2.52e-05 V                  ; 2.38 V             ; -0.0315 V          ; 0.205 V                             ; 0.182 V                             ; 4.74e-10 s                 ; 4.85e-10 s                 ; No                        ; Yes                       ;
; HEX0[6]     ; 2.5 V        ; 0 s                 ; 0 s                 ; 2.32 V                       ; 2.52e-05 V                   ; 2.38 V              ; -0.032 V            ; 0.204 V                              ; 0.181 V                              ; 4.74e-10 s                  ; 4.85e-10 s                  ; No                         ; Yes                        ; 2.32 V                      ; 2.52e-05 V                  ; 2.38 V             ; -0.032 V           ; 0.204 V                             ; 0.181 V                             ; 4.74e-10 s                 ; 4.85e-10 s                 ; No                        ; Yes                       ;
; VGA_R[0]    ; 2.5 V        ; 0 s                 ; 0 s                 ; 2.32 V                       ; 2.52e-05 V                   ; 2.38 V              ; -0.0315 V           ; 0.205 V                              ; 0.182 V                              ; 4.74e-10 s                  ; 4.85e-10 s                  ; No                         ; Yes                        ; 2.32 V                      ; 2.52e-05 V                  ; 2.38 V             ; -0.0315 V          ; 0.205 V                             ; 0.182 V                             ; 4.74e-10 s                 ; 4.85e-10 s                 ; No                        ; Yes                       ;
; VGA_R[1]    ; 2.5 V        ; 0 s                 ; 0 s                 ; 2.32 V                       ; 2.56e-05 V                   ; 2.38 V              ; -0.026 V            ; 0.249 V                              ; 0.089 V                              ; 4.95e-10 s                  ; 6.01e-10 s                  ; No                         ; Yes                        ; 2.32 V                      ; 2.56e-05 V                  ; 2.38 V             ; -0.026 V           ; 0.249 V                             ; 0.089 V                             ; 4.95e-10 s                 ; 6.01e-10 s                 ; No                        ; Yes                       ;
; VGA_R[2]    ; 2.5 V        ; 0 s                 ; 0 s                 ; 2.32 V                       ; 2.27e-05 V                   ; 2.34 V              ; -0.0089 V           ; 0.206 V                              ; 0.058 V                              ; 4.97e-10 s                  ; 5.13e-10 s                  ; Yes                        ; Yes                        ; 2.32 V                      ; 2.27e-05 V                  ; 2.34 V             ; -0.0089 V          ; 0.206 V                             ; 0.058 V                             ; 4.97e-10 s                 ; 5.13e-10 s                 ; Yes                       ; Yes                       ;
; VGA_R[3]    ; 2.5 V        ; 0 s                 ; 0 s                 ; 2.32 V                       ; 2.52e-05 V                   ; 2.38 V              ; -0.032 V            ; 0.204 V                              ; 0.181 V                              ; 4.74e-10 s                  ; 4.85e-10 s                  ; No                         ; Yes                        ; 2.32 V                      ; 2.52e-05 V                  ; 2.38 V             ; -0.032 V           ; 0.204 V                             ; 0.181 V                             ; 4.74e-10 s                 ; 4.85e-10 s                 ; No                        ; Yes                       ;
; VGA_G[0]    ; 2.5 V        ; 0 s                 ; 0 s                 ; 2.32 V                       ; 2.52e-05 V                   ; 2.38 V              ; -0.032 V            ; 0.204 V                              ; 0.181 V                              ; 4.74e-10 s                  ; 4.85e-10 s                  ; No                         ; Yes                        ; 2.32 V                      ; 2.52e-05 V                  ; 2.38 V             ; -0.032 V           ; 0.204 V                             ; 0.181 V                             ; 4.74e-10 s                 ; 4.85e-10 s                 ; No                        ; Yes                       ;
; VGA_G[1]    ; 2.5 V        ; 0 s                 ; 0 s                 ; 2.32 V                       ; 2.52e-05 V                   ; 2.38 V              ; -0.0315 V           ; 0.205 V                              ; 0.182 V                              ; 4.74e-10 s                  ; 4.85e-10 s                  ; No                         ; Yes                        ; 2.32 V                      ; 2.52e-05 V                  ; 2.38 V             ; -0.0315 V          ; 0.205 V                             ; 0.182 V                             ; 4.74e-10 s                 ; 4.85e-10 s                 ; No                        ; Yes                       ;
; VGA_G[2]    ; 2.5 V        ; 0 s                 ; 0 s                 ; 2.32 V                       ; 2.56e-05 V                   ; 2.38 V              ; -0.026 V            ; 0.249 V                              ; 0.089 V                              ; 4.95e-10 s                  ; 6.01e-10 s                  ; No                         ; Yes                        ; 2.32 V                      ; 2.56e-05 V                  ; 2.38 V             ; -0.026 V           ; 0.249 V                             ; 0.089 V                             ; 4.95e-10 s                 ; 6.01e-10 s                 ; No                        ; Yes                       ;
; VGA_G[3]    ; 2.5 V        ; 0 s                 ; 0 s                 ; 2.32 V                       ; 2.27e-05 V                   ; 2.34 V              ; -0.0089 V           ; 0.206 V                              ; 0.058 V                              ; 4.97e-10 s                  ; 5.13e-10 s                  ; Yes                        ; Yes                        ; 2.32 V                      ; 2.27e-05 V                  ; 2.34 V             ; -0.0089 V          ; 0.206 V                             ; 0.058 V                             ; 4.97e-10 s                 ; 5.13e-10 s                 ; Yes                       ; Yes                       ;
; VGA_B[0]    ; 2.5 V        ; 0 s                 ; 0 s                 ; 2.32 V                       ; 2.52e-05 V                   ; 2.38 V              ; -0.032 V            ; 0.204 V                              ; 0.181 V                              ; 4.74e-10 s                  ; 4.85e-10 s                  ; No                         ; Yes                        ; 2.32 V                      ; 2.52e-05 V                  ; 2.38 V             ; -0.032 V           ; 0.204 V                             ; 0.181 V                             ; 4.74e-10 s                 ; 4.85e-10 s                 ; No                        ; Yes                       ;
; VGA_B[1]    ; 2.5 V        ; 0 s                 ; 0 s                 ; 2.32 V                       ; 2.52e-05 V                   ; 2.38 V              ; -0.0315 V           ; 0.205 V                              ; 0.182 V                              ; 4.74e-10 s                  ; 4.85e-10 s                  ; No                         ; Yes                        ; 2.32 V                      ; 2.52e-05 V                  ; 2.38 V             ; -0.0315 V          ; 0.205 V                             ; 0.182 V                             ; 4.74e-10 s                 ; 4.85e-10 s                 ; No                        ; Yes                       ;
; VGA_B[2]    ; 2.5 V        ; 0 s                 ; 0 s                 ; 2.32 V                       ; 2.56e-05 V                   ; 2.38 V              ; -0.026 V            ; 0.249 V                              ; 0.089 V                              ; 4.95e-10 s                  ; 6.01e-10 s                  ; No                         ; Yes                        ; 2.32 V                      ; 2.56e-05 V                  ; 2.38 V             ; -0.026 V           ; 0.249 V                             ; 0.089 V                             ; 4.95e-10 s                 ; 6.01e-10 s                 ; No                        ; Yes                       ;
; VGA_B[3]    ; 2.5 V        ; 0 s                 ; 0 s                 ; 2.32 V                       ; 2.27e-05 V                   ; 2.34 V              ; -0.0089 V           ; 0.206 V                              ; 0.058 V                              ; 4.97e-10 s                  ; 5.13e-10 s                  ; Yes                        ; Yes                        ; 2.32 V                      ; 2.27e-05 V                  ; 2.34 V             ; -0.0089 V          ; 0.206 V                             ; 0.058 V                             ; 4.97e-10 s                 ; 5.13e-10 s                 ; Yes                       ; Yes                       ;
; VGA_HS      ; 2.5 V        ; 0 s                 ; 0 s                 ; 2.32 V                       ; 2.52e-05 V                   ; 2.38 V              ; -0.032 V            ; 0.204 V                              ; 0.181 V                              ; 4.74e-10 s                  ; 4.85e-10 s                  ; No                         ; Yes                        ; 2.32 V                      ; 2.52e-05 V                  ; 2.38 V             ; -0.032 V           ; 0.204 V                             ; 0.181 V                             ; 4.74e-10 s                 ; 4.85e-10 s                 ; No                        ; Yes                       ;
; VGA_VS      ; 2.5 V        ; 0 s                 ; 0 s                 ; 2.32 V                       ; 2.52e-05 V                   ; 2.38 V              ; -0.0315 V           ; 0.205 V                              ; 0.182 V                              ; 4.74e-10 s                  ; 4.85e-10 s                  ; No                         ; Yes                        ; 2.32 V                      ; 2.52e-05 V                  ; 2.38 V             ; -0.0315 V          ; 0.205 V                             ; 0.182 V                             ; 4.74e-10 s                 ; 4.85e-10 s                 ; No                        ; Yes                       ;
; VGA_CLK     ; 2.5 V        ; 0 s                 ; 0 s                 ; 2.32 V                       ; 2.52e-05 V                   ; 2.38 V              ; -0.032 V            ; 0.204 V                              ; 0.181 V                              ; 4.74e-10 s                  ; 4.85e-10 s                  ; No                         ; Yes                        ; 2.32 V                      ; 2.52e-05 V                  ; 2.38 V             ; -0.032 V           ; 0.204 V                             ; 0.181 V                             ; 4.74e-10 s                 ; 4.85e-10 s                 ; No                        ; Yes                       ;
; VGA_BLANK_N ; 2.5 V        ; 0 s                 ; 0 s                 ; 2.32 V                       ; 2.52e-05 V                   ; 2.38 V              ; -0.032 V            ; 0.204 V                              ; 0.181 V                              ; 4.74e-10 s                  ; 4.85e-10 s                  ; No                         ; Yes                        ; 2.32 V                      ; 2.52e-05 V                  ; 2.38 V             ; -0.032 V           ; 0.204 V                             ; 0.181 V                             ; 4.74e-10 s                 ; 4.85e-10 s                 ; No                        ; Yes                       ;
; VGA_SYNC_N  ; 2.5 V        ; 0 s                 ; 0 s                 ; 2.32 V                       ; 2.56e-05 V                   ; 2.38 V              ; -0.026 V            ; 0.249 V                              ; 0.089 V                              ; 4.95e-10 s                  ; 6.01e-10 s                  ; No                         ; Yes                        ; 2.32 V                      ; 2.56e-05 V                  ; 2.38 V             ; -0.026 V           ; 0.249 V                             ; 0.089 V                             ; 4.95e-10 s                 ; 6.01e-10 s                 ; No                        ; Yes                       ;
+-------------+--------------+---------------------+---------------------+------------------------------+------------------------------+---------------------+---------------------+--------------------------------------+--------------------------------------+-----------------------------+-----------------------------+----------------------------+----------------------------+-----------------------------+-----------------------------+--------------------+--------------------+-------------------------------------+-------------------------------------+----------------------------+----------------------------+---------------------------+---------------------------+


+------------------------------------------------------------------------------------------------------------------------------------------------------------------------------------------------------------------------------------------------------------------------------------------------------------------------------------------------------------------------------------------------------------------------------------------------------------------------------------------------------------------------------------------------------------------------------------------------------------------------------------------------------------------------------------------+
; Signal Integrity Metrics (Fast 1100mv 0c Model)                                                                                                                                                                                                                                                                                                                                                                                                                                                                                                                                                                                                                                          ;
+-------------+--------------+---------------------+---------------------+------------------------------+------------------------------+---------------------+---------------------+--------------------------------------+--------------------------------------+-----------------------------+-----------------------------+----------------------------+----------------------------+-----------------------------+-----------------------------+--------------------+--------------------+-------------------------------------+-------------------------------------+----------------------------+----------------------------+---------------------------+---------------------------+
; Pin         ; I/O Standard ; Board Delay on Rise ; Board Delay on Fall ; Steady State Voh at FPGA Pin ; Steady State Vol at FPGA Pin ; Voh Max at FPGA Pin ; Vol Min at FPGA Pin ; Ringback Voltage on Rise at FPGA Pin ; Ringback Voltage on Fall at FPGA Pin ; 10-90 Rise Time at FPGA Pin ; 90-10 Fall Time at FPGA Pin ; Monotonic Rise at FPGA Pin ; Monotonic Fall at FPGA Pin ; Steady State Voh at Far-end ; Steady State Vol at Far-end ; Voh Max at Far-end ; Vol Min at Far-end ; Ringback Voltage on Rise at Far-end ; Ringback Voltage on Fall at Far-end ; 10-90 Rise Time at Far-end ; 90-10 Fall Time at Far-end ; Monotonic Rise at Far-end ; Monotonic Fall at Far-end ;
+-------------+--------------+---------------------+---------------------+------------------------------+------------------------------+---------------------+---------------------+--------------------------------------+--------------------------------------+-----------------------------+-----------------------------+----------------------------+----------------------------+-----------------------------+-----------------------------+--------------------+--------------------+-------------------------------------+-------------------------------------+----------------------------+----------------------------+---------------------------+---------------------------+
; LEDR[0]     ; 2.5 V        ; 0 s                 ; 0 s                 ; 2.75 V                       ; 4.14e-06 V                   ; 2.91 V              ; -0.119 V            ; 0.326 V                              ; 0.298 V                              ; 2.74e-10 s                  ; 2.8e-10 s                   ; No                         ; No                         ; 2.75 V                      ; 4.14e-06 V                  ; 2.91 V             ; -0.119 V           ; 0.326 V                             ; 0.298 V                             ; 2.74e-10 s                 ; 2.8e-10 s                  ; No                        ; No                        ;
; LEDR[1]     ; 2.5 V        ; 0 s                 ; 0 s                 ; 2.75 V                       ; 4.14e-06 V                   ; 2.91 V              ; -0.121 V            ; 0.326 V                              ; 0.297 V                              ; 2.74e-10 s                  ; 2.8e-10 s                   ; No                         ; No                         ; 2.75 V                      ; 4.14e-06 V                  ; 2.91 V             ; -0.121 V           ; 0.326 V                             ; 0.297 V                             ; 2.74e-10 s                 ; 2.8e-10 s                  ; No                        ; No                        ;
; LEDR[2]     ; 2.5 V        ; 0 s                 ; 0 s                 ; 2.75 V                       ; 3.54e-06 V                   ; 2.81 V              ; -0.0578 V           ; 0.303 V                              ; 0.28 V                               ; 2.93e-10 s                  ; 3.01e-10 s                  ; No                         ; No                         ; 2.75 V                      ; 3.54e-06 V                  ; 2.81 V             ; -0.0578 V          ; 0.303 V                             ; 0.28 V                              ; 2.93e-10 s                 ; 3.01e-10 s                 ; No                        ; No                        ;
; LEDR[3]     ; 2.5 V        ; 0 s                 ; 0 s                 ; 2.75 V                       ; 4.25e-06 V                   ; 2.9 V               ; -0.107 V            ; 0.378 V                              ; 0.16 V                               ; 2.87e-10 s                  ; 4.28e-10 s                  ; No                         ; No                         ; 2.75 V                      ; 4.25e-06 V                  ; 2.9 V              ; -0.107 V           ; 0.378 V                             ; 0.16 V                              ; 2.87e-10 s                 ; 4.28e-10 s                 ; No                        ; No                        ;
; LEDR[4]     ; 2.5 V        ; 0 s                 ; 0 s                 ; 2.75 V                       ; 4.14e-06 V                   ; 2.91 V              ; -0.119 V            ; 0.326 V                              ; 0.298 V                              ; 2.74e-10 s                  ; 2.8e-10 s                   ; No                         ; No                         ; 2.75 V                      ; 4.14e-06 V                  ; 2.91 V             ; -0.119 V           ; 0.326 V                             ; 0.298 V                             ; 2.74e-10 s                 ; 2.8e-10 s                  ; No                        ; No                        ;
; LEDR[5]     ; 2.5 V        ; 0 s                 ; 0 s                 ; 2.75 V                       ; 4.14e-06 V                   ; 2.91 V              ; -0.121 V            ; 0.326 V                              ; 0.297 V                              ; 2.74e-10 s                  ; 2.8e-10 s                   ; No                         ; No                         ; 2.75 V                      ; 4.14e-06 V                  ; 2.91 V             ; -0.121 V           ; 0.326 V                             ; 0.297 V                             ; 2.74e-10 s                 ; 2.8e-10 s                  ; No                        ; No                        ;
; LEDR[6]     ; 2.5 V        ; 0 s                 ; 0 s                 ; 2.75 V                       ; 4.25e-06 V                   ; 2.9 V               ; -0.107 V            ; 0.378 V                              ; 0.16 V                               ; 2.87e-10 s                  ; 4.28e-10 s                  ; No                         ; No                         ; 2.75 V                      ; 4.25e-06 V                  ; 2.9 V              ; -0.107 V           ; 0.378 V                             ; 0.16 V                              ; 2.87e-10 s                 ; 4.28e-10 s                 ; No                        ; No                        ;
; LEDR[7]     ; 2.5 V        ; 0 s                 ; 0 s                 ; 2.75 V                       ; 3.54e-06 V                   ; 2.81 V              ; -0.0578 V           ; 0.303 V                              ; 0.28 V                               ; 2.93e-10 s                  ; 3.01e-10 s                  ; No                         ; No                         ; 2.75 V                      ; 3.54e-06 V                  ; 2.81 V             ; -0.0578 V          ; 0.303 V                             ; 0.28 V                              ; 2.93e-10 s                 ; 3.01e-10 s                 ; No                        ; No                        ;
; LEDR[8]     ; 2.5 V        ; 0 s                 ; 0 s                 ; 2.75 V                       ; 4.14e-06 V                   ; 2.91 V              ; -0.119 V            ; 0.326 V                              ; 0.298 V                              ; 2.74e-10 s                  ; 2.8e-10 s                   ; No                         ; No                         ; 2.75 V                      ; 4.14e-06 V                  ; 2.91 V             ; -0.119 V           ; 0.326 V                             ; 0.298 V                             ; 2.74e-10 s                 ; 2.8e-10 s                  ; No                        ; No                        ;
; LEDR[9]     ; 2.5 V        ; 0 s                 ; 0 s                 ; 2.75 V                       ; 4.14e-06 V                   ; 2.91 V              ; -0.121 V            ; 0.326 V                              ; 0.297 V                              ; 2.74e-10 s                  ; 2.8e-10 s                   ; No                         ; No                         ; 2.75 V                      ; 4.14e-06 V                  ; 2.91 V             ; -0.121 V           ; 0.326 V                             ; 0.297 V                             ; 2.74e-10 s                 ; 2.8e-10 s                  ; No                        ; No                        ;
; HEX5[0]     ; 2.5 V        ; 0 s                 ; 0 s                 ; 2.75 V                       ; 4.25e-06 V                   ; 2.9 V               ; -0.107 V            ; 0.378 V                              ; 0.16 V                               ; 2.87e-10 s                  ; 4.28e-10 s                  ; No                         ; No                         ; 2.75 V                      ; 4.25e-06 V                  ; 2.9 V              ; -0.107 V           ; 0.378 V                             ; 0.16 V                              ; 2.87e-10 s                 ; 4.28e-10 s                 ; No                        ; No                        ;
; HEX5[1]     ; 2.5 V        ; 0 s                 ; 0 s                 ; 2.75 V                       ; 3.54e-06 V                   ; 2.81 V              ; -0.0578 V           ; 0.303 V                              ; 0.28 V                               ; 2.93e-10 s                  ; 3.01e-10 s                  ; No                         ; No                         ; 2.75 V                      ; 3.54e-06 V                  ; 2.81 V             ; -0.0578 V          ; 0.303 V                             ; 0.28 V                              ; 2.93e-10 s                 ; 3.01e-10 s                 ; No                        ; No                        ;
; HEX5[2]     ; 2.5 V        ; 0 s                 ; 0 s                 ; 2.75 V                       ; 3.54e-06 V                   ; 2.81 V              ; -0.0578 V           ; 0.303 V                              ; 0.28 V                               ; 2.93e-10 s                  ; 3.01e-10 s                  ; No                         ; No                         ; 2.75 V                      ; 3.54e-06 V                  ; 2.81 V             ; -0.0578 V          ; 0.303 V                             ; 0.28 V                              ; 2.93e-10 s                 ; 3.01e-10 s                 ; No                        ; No                        ;
; HEX5[3]     ; 2.5 V        ; 0 s                 ; 0 s                 ; 2.75 V                       ; 3.54e-06 V                   ; 2.81 V              ; -0.0578 V           ; 0.303 V                              ; 0.28 V                               ; 2.93e-10 s                  ; 3.01e-10 s                  ; No                         ; No                         ; 2.75 V                      ; 3.54e-06 V                  ; 2.81 V             ; -0.0578 V          ; 0.303 V                             ; 0.28 V                              ; 2.93e-10 s                 ; 3.01e-10 s                 ; No                        ; No                        ;
; HEX5[4]     ; 2.5 V        ; 0 s                 ; 0 s                 ; 2.75 V                       ; 4.14e-06 V                   ; 2.91 V              ; -0.121 V            ; 0.326 V                              ; 0.297 V                              ; 2.74e-10 s                  ; 2.8e-10 s                   ; No                         ; No                         ; 2.75 V                      ; 4.14e-06 V                  ; 2.91 V             ; -0.121 V           ; 0.326 V                             ; 0.297 V                             ; 2.74e-10 s                 ; 2.8e-10 s                  ; No                        ; No                        ;
; HEX5[5]     ; 2.5 V        ; 0 s                 ; 0 s                 ; 2.75 V                       ; 4.14e-06 V                   ; 2.91 V              ; -0.119 V            ; 0.326 V                              ; 0.298 V                              ; 2.74e-10 s                  ; 2.8e-10 s                   ; No                         ; No                         ; 2.75 V                      ; 4.14e-06 V                  ; 2.91 V             ; -0.119 V           ; 0.326 V                             ; 0.298 V                             ; 2.74e-10 s                 ; 2.8e-10 s                  ; No                        ; No                        ;
; HEX5[6]     ; 2.5 V        ; 0 s                 ; 0 s                 ; 2.75 V                       ; 4.25e-06 V                   ; 2.9 V               ; -0.107 V            ; 0.378 V                              ; 0.16 V                               ; 2.87e-10 s                  ; 4.28e-10 s                  ; No                         ; No                         ; 2.75 V                      ; 4.25e-06 V                  ; 2.9 V              ; -0.107 V           ; 0.378 V                             ; 0.16 V                              ; 2.87e-10 s                 ; 4.28e-10 s                 ; No                        ; No                        ;
; HEX4[0]     ; 2.5 V        ; 0 s                 ; 0 s                 ; 2.75 V                       ; 4.14e-06 V                   ; 2.91 V              ; -0.119 V            ; 0.326 V                              ; 0.298 V                              ; 2.74e-10 s                  ; 2.8e-10 s                   ; No                         ; No                         ; 2.75 V                      ; 4.14e-06 V                  ; 2.91 V             ; -0.119 V           ; 0.326 V                             ; 0.298 V                             ; 2.74e-10 s                 ; 2.8e-10 s                  ; No                        ; No                        ;
; HEX4[1]     ; 2.5 V        ; 0 s                 ; 0 s                 ; 2.75 V                       ; 3.54e-06 V                   ; 2.81 V              ; -0.0578 V           ; 0.303 V                              ; 0.28 V                               ; 2.93e-10 s                  ; 3.01e-10 s                  ; No                         ; No                         ; 2.75 V                      ; 3.54e-06 V                  ; 2.81 V             ; -0.0578 V          ; 0.303 V                             ; 0.28 V                              ; 2.93e-10 s                 ; 3.01e-10 s                 ; No                        ; No                        ;
; HEX4[2]     ; 2.5 V        ; 0 s                 ; 0 s                 ; 2.75 V                       ; 3.54e-06 V                   ; 2.81 V              ; -0.0578 V           ; 0.303 V                              ; 0.28 V                               ; 2.93e-10 s                  ; 3.01e-10 s                  ; No                         ; No                         ; 2.75 V                      ; 3.54e-06 V                  ; 2.81 V             ; -0.0578 V          ; 0.303 V                             ; 0.28 V                              ; 2.93e-10 s                 ; 3.01e-10 s                 ; No                        ; No                        ;
; HEX4[3]     ; 2.5 V        ; 0 s                 ; 0 s                 ; 2.75 V                       ; 3.54e-06 V                   ; 2.81 V              ; -0.0578 V           ; 0.303 V                              ; 0.28 V                               ; 2.93e-10 s                  ; 3.01e-10 s                  ; No                         ; No                         ; 2.75 V                      ; 3.54e-06 V                  ; 2.81 V             ; -0.0578 V          ; 0.303 V                             ; 0.28 V                              ; 2.93e-10 s                 ; 3.01e-10 s                 ; No                        ; No                        ;
; HEX4[4]     ; 2.5 V        ; 0 s                 ; 0 s                 ; 2.75 V                       ; 4.25e-06 V                   ; 2.9 V               ; -0.107 V            ; 0.378 V                              ; 0.16 V                               ; 2.87e-10 s                  ; 4.28e-10 s                  ; No                         ; No                         ; 2.75 V                      ; 4.25e-06 V                  ; 2.9 V              ; -0.107 V           ; 0.378 V                             ; 0.16 V                              ; 2.87e-10 s                 ; 4.28e-10 s                 ; No                        ; No                        ;
; HEX4[5]     ; 2.5 V        ; 0 s                 ; 0 s                 ; 2.75 V                       ; 4.25e-06 V                   ; 2.9 V               ; -0.107 V            ; 0.378 V                              ; 0.16 V                               ; 2.87e-10 s                  ; 4.28e-10 s                  ; No                         ; No                         ; 2.75 V                      ; 4.25e-06 V                  ; 2.9 V              ; -0.107 V           ; 0.378 V                             ; 0.16 V                              ; 2.87e-10 s                 ; 4.28e-10 s                 ; No                        ; No                        ;
; HEX4[6]     ; 2.5 V        ; 0 s                 ; 0 s                 ; 2.75 V                       ; 3.54e-06 V                   ; 2.81 V              ; -0.0578 V           ; 0.303 V                              ; 0.28 V                               ; 2.93e-10 s                  ; 3.01e-10 s                  ; No                         ; No                         ; 2.75 V                      ; 3.54e-06 V                  ; 2.81 V             ; -0.0578 V          ; 0.303 V                             ; 0.28 V                              ; 2.93e-10 s                 ; 3.01e-10 s                 ; No                        ; No                        ;
; HEX3[0]     ; 2.5 V        ; 0 s                 ; 0 s                 ; 2.75 V                       ; 3.54e-06 V                   ; 2.81 V              ; -0.0578 V           ; 0.303 V                              ; 0.28 V                               ; 2.93e-10 s                  ; 3.01e-10 s                  ; No                         ; No                         ; 2.75 V                      ; 3.54e-06 V                  ; 2.81 V             ; -0.0578 V          ; 0.303 V                             ; 0.28 V                              ; 2.93e-10 s                 ; 3.01e-10 s                 ; No                        ; No                        ;
; HEX3[1]     ; 2.5 V        ; 0 s                 ; 0 s                 ; 2.75 V                       ; 4.25e-06 V                   ; 2.9 V               ; -0.107 V            ; 0.378 V                              ; 0.16 V                               ; 2.87e-10 s                  ; 4.28e-10 s                  ; No                         ; No                         ; 2.75 V                      ; 4.25e-06 V                  ; 2.9 V              ; -0.107 V           ; 0.378 V                             ; 0.16 V                              ; 2.87e-10 s                 ; 4.28e-10 s                 ; No                        ; No                        ;
; HEX3[2]     ; 2.5 V        ; 0 s                 ; 0 s                 ; 2.75 V                       ; 4.25e-06 V                   ; 2.9 V               ; -0.107 V            ; 0.378 V                              ; 0.16 V                               ; 2.87e-10 s                  ; 4.28e-10 s                  ; No                         ; No                         ; 2.75 V                      ; 4.25e-06 V                  ; 2.9 V              ; -0.107 V           ; 0.378 V                             ; 0.16 V                              ; 2.87e-10 s                 ; 4.28e-10 s                 ; No                        ; No                        ;
; HEX3[3]     ; 2.5 V        ; 0 s                 ; 0 s                 ; 2.75 V                       ; 3.54e-06 V                   ; 2.81 V              ; -0.0578 V           ; 0.303 V                              ; 0.28 V                               ; 2.93e-10 s                  ; 3.01e-10 s                  ; No                         ; No                         ; 2.75 V                      ; 3.54e-06 V                  ; 2.81 V             ; -0.0578 V          ; 0.303 V                             ; 0.28 V                              ; 2.93e-10 s                 ; 3.01e-10 s                 ; No                        ; No                        ;
; HEX3[4]     ; 2.5 V        ; 0 s                 ; 0 s                 ; 2.75 V                       ; 4.25e-06 V                   ; 2.9 V               ; -0.107 V            ; 0.378 V                              ; 0.16 V                               ; 2.87e-10 s                  ; 4.28e-10 s                  ; No                         ; No                         ; 2.75 V                      ; 4.25e-06 V                  ; 2.9 V              ; -0.107 V           ; 0.378 V                             ; 0.16 V                              ; 2.87e-10 s                 ; 4.28e-10 s                 ; No                        ; No                        ;
; HEX3[5]     ; 2.5 V        ; 0 s                 ; 0 s                 ; 2.75 V                       ; 4.25e-06 V                   ; 2.9 V               ; -0.107 V            ; 0.378 V                              ; 0.16 V                               ; 2.87e-10 s                  ; 4.28e-10 s                  ; No                         ; No                         ; 2.75 V                      ; 4.25e-06 V                  ; 2.9 V              ; -0.107 V           ; 0.378 V                             ; 0.16 V                              ; 2.87e-10 s                 ; 4.28e-10 s                 ; No                        ; No                        ;
; HEX3[6]     ; 2.5 V        ; 0 s                 ; 0 s                 ; 2.75 V                       ; 3.54e-06 V                   ; 2.81 V              ; -0.0578 V           ; 0.303 V                              ; 0.28 V                               ; 2.93e-10 s                  ; 3.01e-10 s                  ; No                         ; No                         ; 2.75 V                      ; 3.54e-06 V                  ; 2.81 V             ; -0.0578 V          ; 0.303 V                             ; 0.28 V                              ; 2.93e-10 s                 ; 3.01e-10 s                 ; No                        ; No                        ;
; HEX2[0]     ; 2.5 V        ; 0 s                 ; 0 s                 ; 2.75 V                       ; 4.25e-06 V                   ; 2.9 V               ; -0.107 V            ; 0.378 V                              ; 0.16 V                               ; 2.87e-10 s                  ; 4.28e-10 s                  ; No                         ; No                         ; 2.75 V                      ; 4.25e-06 V                  ; 2.9 V              ; -0.107 V           ; 0.378 V                             ; 0.16 V                              ; 2.87e-10 s                 ; 4.28e-10 s                 ; No                        ; No                        ;
; HEX2[1]     ; 2.5 V        ; 0 s                 ; 0 s                 ; 2.75 V                       ; 4.14e-06 V                   ; 2.91 V              ; -0.121 V            ; 0.326 V                              ; 0.297 V                              ; 2.74e-10 s                  ; 2.8e-10 s                   ; No                         ; No                         ; 2.75 V                      ; 4.14e-06 V                  ; 2.91 V             ; -0.121 V           ; 0.326 V                             ; 0.297 V                             ; 2.74e-10 s                 ; 2.8e-10 s                  ; No                        ; No                        ;
; HEX2[2]     ; 2.5 V        ; 0 s                 ; 0 s                 ; 2.75 V                       ; 4.14e-06 V                   ; 2.91 V              ; -0.121 V            ; 0.326 V                              ; 0.297 V                              ; 2.74e-10 s                  ; 2.8e-10 s                   ; No                         ; No                         ; 2.75 V                      ; 4.14e-06 V                  ; 2.91 V             ; -0.121 V           ; 0.326 V                             ; 0.297 V                             ; 2.74e-10 s                 ; 2.8e-10 s                  ; No                        ; No                        ;
; HEX2[3]     ; 2.5 V        ; 0 s                 ; 0 s                 ; 2.75 V                       ; 3.54e-06 V                   ; 2.81 V              ; -0.0578 V           ; 0.303 V                              ; 0.28 V                               ; 2.93e-10 s                  ; 3.01e-10 s                  ; No                         ; No                         ; 2.75 V                      ; 3.54e-06 V                  ; 2.81 V             ; -0.0578 V          ; 0.303 V                             ; 0.28 V                              ; 2.93e-10 s                 ; 3.01e-10 s                 ; No                        ; No                        ;
; HEX2[4]     ; 2.5 V        ; 0 s                 ; 0 s                 ; 2.75 V                       ; 3.54e-06 V                   ; 2.81 V              ; -0.0578 V           ; 0.303 V                              ; 0.28 V                               ; 2.93e-10 s                  ; 3.01e-10 s                  ; No                         ; No                         ; 2.75 V                      ; 3.54e-06 V                  ; 2.81 V             ; -0.0578 V          ; 0.303 V                             ; 0.28 V                              ; 2.93e-10 s                 ; 3.01e-10 s                 ; No                        ; No                        ;
; HEX2[5]     ; 2.5 V        ; 0 s                 ; 0 s                 ; 2.75 V                       ; 4.14e-06 V                   ; 2.91 V              ; -0.121 V            ; 0.326 V                              ; 0.297 V                              ; 2.74e-10 s                  ; 2.8e-10 s                   ; No                         ; No                         ; 2.75 V                      ; 4.14e-06 V                  ; 2.91 V             ; -0.121 V           ; 0.326 V                             ; 0.297 V                             ; 2.74e-10 s                 ; 2.8e-10 s                  ; No                        ; No                        ;
; HEX2[6]     ; 2.5 V        ; 0 s                 ; 0 s                 ; 2.75 V                       ; 4.14e-06 V                   ; 2.91 V              ; -0.119 V            ; 0.326 V                              ; 0.298 V                              ; 2.74e-10 s                  ; 2.8e-10 s                   ; No                         ; No                         ; 2.75 V                      ; 4.14e-06 V                  ; 2.91 V             ; -0.119 V           ; 0.326 V                             ; 0.298 V                             ; 2.74e-10 s                 ; 2.8e-10 s                  ; No                        ; No                        ;
; HEX1[0]     ; 2.5 V        ; 0 s                 ; 0 s                 ; 2.75 V                       ; 4.14e-06 V                   ; 2.91 V              ; -0.119 V            ; 0.326 V                              ; 0.298 V                              ; 2.74e-10 s                  ; 2.8e-10 s                   ; No                         ; No                         ; 2.75 V                      ; 4.14e-06 V                  ; 2.91 V             ; -0.119 V           ; 0.326 V                             ; 0.298 V                             ; 2.74e-10 s                 ; 2.8e-10 s                  ; No                        ; No                        ;
; HEX1[1]     ; 2.5 V        ; 0 s                 ; 0 s                 ; 2.75 V                       ; 4.14e-06 V                   ; 2.91 V              ; -0.121 V            ; 0.326 V                              ; 0.297 V                              ; 2.74e-10 s                  ; 2.8e-10 s                   ; No                         ; No                         ; 2.75 V                      ; 4.14e-06 V                  ; 2.91 V             ; -0.121 V           ; 0.326 V                             ; 0.297 V                             ; 2.74e-10 s                 ; 2.8e-10 s                  ; No                        ; No                        ;
; HEX1[2]     ; 2.5 V        ; 0 s                 ; 0 s                 ; 2.75 V                       ; 4.14e-06 V                   ; 2.91 V              ; -0.121 V            ; 0.326 V                              ; 0.297 V                              ; 2.74e-10 s                  ; 2.8e-10 s                   ; No                         ; No                         ; 2.75 V                      ; 4.14e-06 V                  ; 2.91 V             ; -0.121 V           ; 0.326 V                             ; 0.297 V                             ; 2.74e-10 s                 ; 2.8e-10 s                  ; No                        ; No                        ;
; HEX1[3]     ; 2.5 V        ; 0 s                 ; 0 s                 ; 2.75 V                       ; 4.14e-06 V                   ; 2.91 V              ; -0.119 V            ; 0.326 V                              ; 0.298 V                              ; 2.74e-10 s                  ; 2.8e-10 s                   ; No                         ; No                         ; 2.75 V                      ; 4.14e-06 V                  ; 2.91 V             ; -0.119 V           ; 0.326 V                             ; 0.298 V                             ; 2.74e-10 s                 ; 2.8e-10 s                  ; No                        ; No                        ;
; HEX1[4]     ; 2.5 V        ; 0 s                 ; 0 s                 ; 2.75 V                       ; 4.14e-06 V                   ; 2.91 V              ; -0.119 V            ; 0.326 V                              ; 0.298 V                              ; 2.74e-10 s                  ; 2.8e-10 s                   ; No                         ; No                         ; 2.75 V                      ; 4.14e-06 V                  ; 2.91 V             ; -0.119 V           ; 0.326 V                             ; 0.298 V                             ; 2.74e-10 s                 ; 2.8e-10 s                  ; No                        ; No                        ;
; HEX1[5]     ; 2.5 V        ; 0 s                 ; 0 s                 ; 2.75 V                       ; 4.14e-06 V                   ; 2.91 V              ; -0.121 V            ; 0.326 V                              ; 0.297 V                              ; 2.74e-10 s                  ; 2.8e-10 s                   ; No                         ; No                         ; 2.75 V                      ; 4.14e-06 V                  ; 2.91 V             ; -0.121 V           ; 0.326 V                             ; 0.297 V                             ; 2.74e-10 s                 ; 2.8e-10 s                  ; No                        ; No                        ;
; HEX1[6]     ; 2.5 V        ; 0 s                 ; 0 s                 ; 2.75 V                       ; 4.14e-06 V                   ; 2.91 V              ; -0.121 V            ; 0.326 V                              ; 0.297 V                              ; 2.74e-10 s                  ; 2.8e-10 s                   ; No                         ; No                         ; 2.75 V                      ; 4.14e-06 V                  ; 2.91 V             ; -0.121 V           ; 0.326 V                             ; 0.297 V                             ; 2.74e-10 s                 ; 2.8e-10 s                  ; No                        ; No                        ;
; HEX0[0]     ; 2.5 V        ; 0 s                 ; 0 s                 ; 2.75 V                       ; 4.14e-06 V                   ; 2.91 V              ; -0.121 V            ; 0.326 V                              ; 0.297 V                              ; 2.74e-10 s                  ; 2.8e-10 s                   ; No                         ; No                         ; 2.75 V                      ; 4.14e-06 V                  ; 2.91 V             ; -0.121 V           ; 0.326 V                             ; 0.297 V                             ; 2.74e-10 s                 ; 2.8e-10 s                  ; No                        ; No                        ;
; HEX0[1]     ; 2.5 V        ; 0 s                 ; 0 s                 ; 2.75 V                       ; 4.14e-06 V                   ; 2.91 V              ; -0.119 V            ; 0.326 V                              ; 0.298 V                              ; 2.74e-10 s                  ; 2.8e-10 s                   ; No                         ; No                         ; 2.75 V                      ; 4.14e-06 V                  ; 2.91 V             ; -0.119 V           ; 0.326 V                             ; 0.298 V                             ; 2.74e-10 s                 ; 2.8e-10 s                  ; No                        ; No                        ;
; HEX0[2]     ; 2.5 V        ; 0 s                 ; 0 s                 ; 2.75 V                       ; 4.14e-06 V                   ; 2.91 V              ; -0.119 V            ; 0.326 V                              ; 0.298 V                              ; 2.74e-10 s                  ; 2.8e-10 s                   ; No                         ; No                         ; 2.75 V                      ; 4.14e-06 V                  ; 2.91 V             ; -0.119 V           ; 0.326 V                             ; 0.298 V                             ; 2.74e-10 s                 ; 2.8e-10 s                  ; No                        ; No                        ;
; HEX0[3]     ; 2.5 V        ; 0 s                 ; 0 s                 ; 2.75 V                       ; 4.14e-06 V                   ; 2.91 V              ; -0.119 V            ; 0.326 V                              ; 0.298 V                              ; 2.74e-10 s                  ; 2.8e-10 s                   ; No                         ; No                         ; 2.75 V                      ; 4.14e-06 V                  ; 2.91 V             ; -0.119 V           ; 0.326 V                             ; 0.298 V                             ; 2.74e-10 s                 ; 2.8e-10 s                  ; No                        ; No                        ;
; HEX0[4]     ; 2.5 V        ; 0 s                 ; 0 s                 ; 2.75 V                       ; 4.14e-06 V                   ; 2.91 V              ; -0.121 V            ; 0.326 V                              ; 0.297 V                              ; 2.74e-10 s                  ; 2.8e-10 s                   ; No                         ; No                         ; 2.75 V                      ; 4.14e-06 V                  ; 2.91 V             ; -0.121 V           ; 0.326 V                             ; 0.297 V                             ; 2.74e-10 s                 ; 2.8e-10 s                  ; No                        ; No                        ;
; HEX0[5]     ; 2.5 V        ; 0 s                 ; 0 s                 ; 2.75 V                       ; 4.14e-06 V                   ; 2.91 V              ; -0.121 V            ; 0.326 V                              ; 0.297 V                              ; 2.74e-10 s                  ; 2.8e-10 s                   ; No                         ; No                         ; 2.75 V                      ; 4.14e-06 V                  ; 2.91 V             ; -0.121 V           ; 0.326 V                             ; 0.297 V                             ; 2.74e-10 s                 ; 2.8e-10 s                  ; No                        ; No                        ;
; HEX0[6]     ; 2.5 V        ; 0 s                 ; 0 s                 ; 2.75 V                       ; 4.14e-06 V                   ; 2.91 V              ; -0.119 V            ; 0.326 V                              ; 0.298 V                              ; 2.74e-10 s                  ; 2.8e-10 s                   ; No                         ; No                         ; 2.75 V                      ; 4.14e-06 V                  ; 2.91 V             ; -0.119 V           ; 0.326 V                             ; 0.298 V                             ; 2.74e-10 s                 ; 2.8e-10 s                  ; No                        ; No                        ;
; VGA_R[0]    ; 2.5 V        ; 0 s                 ; 0 s                 ; 2.75 V                       ; 4.14e-06 V                   ; 2.91 V              ; -0.121 V            ; 0.326 V                              ; 0.297 V                              ; 2.74e-10 s                  ; 2.8e-10 s                   ; No                         ; No                         ; 2.75 V                      ; 4.14e-06 V                  ; 2.91 V             ; -0.121 V           ; 0.326 V                             ; 0.297 V                             ; 2.74e-10 s                 ; 2.8e-10 s                  ; No                        ; No                        ;
; VGA_R[1]    ; 2.5 V        ; 0 s                 ; 0 s                 ; 2.75 V                       ; 4.25e-06 V                   ; 2.9 V               ; -0.107 V            ; 0.378 V                              ; 0.16 V                               ; 2.87e-10 s                  ; 4.28e-10 s                  ; No                         ; No                         ; 2.75 V                      ; 4.25e-06 V                  ; 2.9 V              ; -0.107 V           ; 0.378 V                             ; 0.16 V                              ; 2.87e-10 s                 ; 4.28e-10 s                 ; No                        ; No                        ;
; VGA_R[2]    ; 2.5 V        ; 0 s                 ; 0 s                 ; 2.75 V                       ; 3.54e-06 V                   ; 2.81 V              ; -0.0578 V           ; 0.303 V                              ; 0.28 V                               ; 2.93e-10 s                  ; 3.01e-10 s                  ; No                         ; No                         ; 2.75 V                      ; 3.54e-06 V                  ; 2.81 V             ; -0.0578 V          ; 0.303 V                             ; 0.28 V                              ; 2.93e-10 s                 ; 3.01e-10 s                 ; No                        ; No                        ;
; VGA_R[3]    ; 2.5 V        ; 0 s                 ; 0 s                 ; 2.75 V                       ; 4.14e-06 V                   ; 2.91 V              ; -0.119 V            ; 0.326 V                              ; 0.298 V                              ; 2.74e-10 s                  ; 2.8e-10 s                   ; No                         ; No                         ; 2.75 V                      ; 4.14e-06 V                  ; 2.91 V             ; -0.119 V           ; 0.326 V                             ; 0.298 V                             ; 2.74e-10 s                 ; 2.8e-10 s                  ; No                        ; No                        ;
; VGA_G[0]    ; 2.5 V        ; 0 s                 ; 0 s                 ; 2.75 V                       ; 4.14e-06 V                   ; 2.91 V              ; -0.119 V            ; 0.326 V                              ; 0.298 V                              ; 2.74e-10 s                  ; 2.8e-10 s                   ; No                         ; No                         ; 2.75 V                      ; 4.14e-06 V                  ; 2.91 V             ; -0.119 V           ; 0.326 V                             ; 0.298 V                             ; 2.74e-10 s                 ; 2.8e-10 s                  ; No                        ; No                        ;
; VGA_G[1]    ; 2.5 V        ; 0 s                 ; 0 s                 ; 2.75 V                       ; 4.14e-06 V                   ; 2.91 V              ; -0.121 V            ; 0.326 V                              ; 0.297 V                              ; 2.74e-10 s                  ; 2.8e-10 s                   ; No                         ; No                         ; 2.75 V                      ; 4.14e-06 V                  ; 2.91 V             ; -0.121 V           ; 0.326 V                             ; 0.297 V                             ; 2.74e-10 s                 ; 2.8e-10 s                  ; No                        ; No                        ;
; VGA_G[2]    ; 2.5 V        ; 0 s                 ; 0 s                 ; 2.75 V                       ; 4.25e-06 V                   ; 2.9 V               ; -0.107 V            ; 0.378 V                              ; 0.16 V                               ; 2.87e-10 s                  ; 4.28e-10 s                  ; No                         ; No                         ; 2.75 V                      ; 4.25e-06 V                  ; 2.9 V              ; -0.107 V           ; 0.378 V                             ; 0.16 V                              ; 2.87e-10 s                 ; 4.28e-10 s                 ; No                        ; No                        ;
; VGA_G[3]    ; 2.5 V        ; 0 s                 ; 0 s                 ; 2.75 V                       ; 3.54e-06 V                   ; 2.81 V              ; -0.0578 V           ; 0.303 V                              ; 0.28 V                               ; 2.93e-10 s                  ; 3.01e-10 s                  ; No                         ; No                         ; 2.75 V                      ; 3.54e-06 V                  ; 2.81 V             ; -0.0578 V          ; 0.303 V                             ; 0.28 V                              ; 2.93e-10 s                 ; 3.01e-10 s                 ; No                        ; No                        ;
; VGA_B[0]    ; 2.5 V        ; 0 s                 ; 0 s                 ; 2.75 V                       ; 4.14e-06 V                   ; 2.91 V              ; -0.119 V            ; 0.326 V                              ; 0.298 V                              ; 2.74e-10 s                  ; 2.8e-10 s                   ; No                         ; No                         ; 2.75 V                      ; 4.14e-06 V                  ; 2.91 V             ; -0.119 V           ; 0.326 V                             ; 0.298 V                             ; 2.74e-10 s                 ; 2.8e-10 s                  ; No                        ; No                        ;
; VGA_B[1]    ; 2.5 V        ; 0 s                 ; 0 s                 ; 2.75 V                       ; 4.14e-06 V                   ; 2.91 V              ; -0.121 V            ; 0.326 V                              ; 0.297 V                              ; 2.74e-10 s                  ; 2.8e-10 s                   ; No                         ; No                         ; 2.75 V                      ; 4.14e-06 V                  ; 2.91 V             ; -0.121 V           ; 0.326 V                             ; 0.297 V                             ; 2.74e-10 s                 ; 2.8e-10 s                  ; No                        ; No                        ;
; VGA_B[2]    ; 2.5 V        ; 0 s                 ; 0 s                 ; 2.75 V                       ; 4.25e-06 V                   ; 2.9 V               ; -0.107 V            ; 0.378 V                              ; 0.16 V                               ; 2.87e-10 s                  ; 4.28e-10 s                  ; No                         ; No                         ; 2.75 V                      ; 4.25e-06 V                  ; 2.9 V              ; -0.107 V           ; 0.378 V                             ; 0.16 V                              ; 2.87e-10 s                 ; 4.28e-10 s                 ; No                        ; No                        ;
; VGA_B[3]    ; 2.5 V        ; 0 s                 ; 0 s                 ; 2.75 V                       ; 3.54e-06 V                   ; 2.81 V              ; -0.0578 V           ; 0.303 V                              ; 0.28 V                               ; 2.93e-10 s                  ; 3.01e-10 s                  ; No                         ; No                         ; 2.75 V                      ; 3.54e-06 V                  ; 2.81 V             ; -0.0578 V          ; 0.303 V                             ; 0.28 V                              ; 2.93e-10 s                 ; 3.01e-10 s                 ; No                        ; No                        ;
; VGA_HS      ; 2.5 V        ; 0 s                 ; 0 s                 ; 2.75 V                       ; 4.14e-06 V                   ; 2.91 V              ; -0.119 V            ; 0.326 V                              ; 0.298 V                              ; 2.74e-10 s                  ; 2.8e-10 s                   ; No                         ; No                         ; 2.75 V                      ; 4.14e-06 V                  ; 2.91 V             ; -0.119 V           ; 0.326 V                             ; 0.298 V                             ; 2.74e-10 s                 ; 2.8e-10 s                  ; No                        ; No                        ;
; VGA_VS      ; 2.5 V        ; 0 s                 ; 0 s                 ; 2.75 V                       ; 4.14e-06 V                   ; 2.91 V              ; -0.121 V            ; 0.326 V                              ; 0.297 V                              ; 2.74e-10 s                  ; 2.8e-10 s                   ; No                         ; No                         ; 2.75 V                      ; 4.14e-06 V                  ; 2.91 V             ; -0.121 V           ; 0.326 V                             ; 0.297 V                             ; 2.74e-10 s                 ; 2.8e-10 s                  ; No                        ; No                        ;
; VGA_CLK     ; 2.5 V        ; 0 s                 ; 0 s                 ; 2.75 V                       ; 4.14e-06 V                   ; 2.91 V              ; -0.119 V            ; 0.326 V                              ; 0.298 V                              ; 2.74e-10 s                  ; 2.8e-10 s                   ; No                         ; No                         ; 2.75 V                      ; 4.14e-06 V                  ; 2.91 V             ; -0.119 V           ; 0.326 V                             ; 0.298 V                             ; 2.74e-10 s                 ; 2.8e-10 s                  ; No                        ; No                        ;
; VGA_BLANK_N ; 2.5 V        ; 0 s                 ; 0 s                 ; 2.75 V                       ; 4.14e-06 V                   ; 2.91 V              ; -0.119 V            ; 0.326 V                              ; 0.298 V                              ; 2.74e-10 s                  ; 2.8e-10 s                   ; No                         ; No                         ; 2.75 V                      ; 4.14e-06 V                  ; 2.91 V             ; -0.119 V           ; 0.326 V                             ; 0.298 V                             ; 2.74e-10 s                 ; 2.8e-10 s                  ; No                        ; No                        ;
; VGA_SYNC_N  ; 2.5 V        ; 0 s                 ; 0 s                 ; 2.75 V                       ; 4.25e-06 V                   ; 2.9 V               ; -0.107 V            ; 0.378 V                              ; 0.16 V                               ; 2.87e-10 s                  ; 4.28e-10 s                  ; No                         ; No                         ; 2.75 V                      ; 4.25e-06 V                  ; 2.9 V              ; -0.107 V           ; 0.378 V                             ; 0.16 V                              ; 2.87e-10 s                 ; 4.28e-10 s                 ; No                        ; No                        ;
+-------------+--------------+---------------------+---------------------+------------------------------+------------------------------+---------------------+---------------------+--------------------------------------+--------------------------------------+-----------------------------+-----------------------------+----------------------------+----------------------------+-----------------------------+-----------------------------+--------------------+--------------------+-------------------------------------+-------------------------------------+----------------------------+----------------------------+---------------------------+---------------------------+


+------------------------------------------------------------------------------------------------------------------------------------------------------------------------------------------------------------------------------------------------------------------------------------------------------------------------------------------------------------------------------------------------------------------------------------------------------------------------------------------------------------------------------------------------------------------------------------------------------------------------------------------------------------------------------------------+
; Signal Integrity Metrics (Fast 1100mv 85c Model)                                                                                                                                                                                                                                                                                                                                                                                                                                                                                                                                                                                                                                         ;
+-------------+--------------+---------------------+---------------------+------------------------------+------------------------------+---------------------+---------------------+--------------------------------------+--------------------------------------+-----------------------------+-----------------------------+----------------------------+----------------------------+-----------------------------+-----------------------------+--------------------+--------------------+-------------------------------------+-------------------------------------+----------------------------+----------------------------+---------------------------+---------------------------+
; Pin         ; I/O Standard ; Board Delay on Rise ; Board Delay on Fall ; Steady State Voh at FPGA Pin ; Steady State Vol at FPGA Pin ; Voh Max at FPGA Pin ; Vol Min at FPGA Pin ; Ringback Voltage on Rise at FPGA Pin ; Ringback Voltage on Fall at FPGA Pin ; 10-90 Rise Time at FPGA Pin ; 90-10 Fall Time at FPGA Pin ; Monotonic Rise at FPGA Pin ; Monotonic Fall at FPGA Pin ; Steady State Voh at Far-end ; Steady State Vol at Far-end ; Voh Max at Far-end ; Vol Min at Far-end ; Ringback Voltage on Rise at Far-end ; Ringback Voltage on Fall at Far-end ; 10-90 Rise Time at Far-end ; 90-10 Fall Time at Far-end ; Monotonic Rise at Far-end ; Monotonic Fall at Far-end ;
+-------------+--------------+---------------------+---------------------+------------------------------+------------------------------+---------------------+---------------------+--------------------------------------+--------------------------------------+-----------------------------+-----------------------------+----------------------------+----------------------------+-----------------------------+-----------------------------+--------------------+--------------------+-------------------------------------+-------------------------------------+----------------------------+----------------------------+---------------------------+---------------------------+
; LEDR[0]     ; 2.5 V        ; 0 s                 ; 0 s                 ; 2.75 V                       ; 0.000242 V                   ; 2.86 V              ; -0.0805 V           ; 0.358 V                              ; 0.156 V                              ; 3.01e-10 s                  ; 4.34e-10 s                  ; No                         ; No                         ; 2.75 V                      ; 0.000242 V                  ; 2.86 V             ; -0.0805 V          ; 0.358 V                             ; 0.156 V                             ; 3.01e-10 s                 ; 4.34e-10 s                 ; No                        ; No                        ;
; LEDR[1]     ; 2.5 V        ; 0 s                 ; 0 s                 ; 2.75 V                       ; 0.000242 V                   ; 2.86 V              ; -0.0814 V           ; 0.36 V                               ; 0.156 V                              ; 3e-10 s                     ; 4.34e-10 s                  ; No                         ; No                         ; 2.75 V                      ; 0.000242 V                  ; 2.86 V             ; -0.0814 V          ; 0.36 V                              ; 0.156 V                             ; 3e-10 s                    ; 4.34e-10 s                 ; No                        ; No                        ;
; LEDR[2]     ; 2.5 V        ; 0 s                 ; 0 s                 ; 2.75 V                       ; 0.000213 V                   ; 2.79 V              ; -0.0324 V           ; 0.139 V                              ; 0.119 V                              ; 4.42e-10 s                  ; 4.33e-10 s                  ; No                         ; Yes                        ; 2.75 V                      ; 0.000213 V                  ; 2.79 V             ; -0.0324 V          ; 0.139 V                             ; 0.119 V                             ; 4.42e-10 s                 ; 4.33e-10 s                 ; No                        ; Yes                       ;
; LEDR[3]     ; 2.5 V        ; 0 s                 ; 0 s                 ; 2.75 V                       ; 0.000247 V                   ; 2.85 V              ; -0.0711 V           ; 0.204 V                              ; 0.181 V                              ; 4.55e-10 s                  ; 4.49e-10 s                  ; No                         ; No                         ; 2.75 V                      ; 0.000247 V                  ; 2.85 V             ; -0.0711 V          ; 0.204 V                             ; 0.181 V                             ; 4.55e-10 s                 ; 4.49e-10 s                 ; No                        ; No                        ;
; LEDR[4]     ; 2.5 V        ; 0 s                 ; 0 s                 ; 2.75 V                       ; 0.000242 V                   ; 2.86 V              ; -0.0805 V           ; 0.358 V                              ; 0.156 V                              ; 3.01e-10 s                  ; 4.34e-10 s                  ; No                         ; No                         ; 2.75 V                      ; 0.000242 V                  ; 2.86 V             ; -0.0805 V          ; 0.358 V                             ; 0.156 V                             ; 3.01e-10 s                 ; 4.34e-10 s                 ; No                        ; No                        ;
; LEDR[5]     ; 2.5 V        ; 0 s                 ; 0 s                 ; 2.75 V                       ; 0.000242 V                   ; 2.86 V              ; -0.0814 V           ; 0.36 V                               ; 0.156 V                              ; 3e-10 s                     ; 4.34e-10 s                  ; No                         ; No                         ; 2.75 V                      ; 0.000242 V                  ; 2.86 V             ; -0.0814 V          ; 0.36 V                              ; 0.156 V                             ; 3e-10 s                    ; 4.34e-10 s                 ; No                        ; No                        ;
; LEDR[6]     ; 2.5 V        ; 0 s                 ; 0 s                 ; 2.75 V                       ; 0.000247 V                   ; 2.85 V              ; -0.0711 V           ; 0.204 V                              ; 0.181 V                              ; 4.55e-10 s                  ; 4.49e-10 s                  ; No                         ; No                         ; 2.75 V                      ; 0.000247 V                  ; 2.85 V             ; -0.0711 V          ; 0.204 V                             ; 0.181 V                             ; 4.55e-10 s                 ; 4.49e-10 s                 ; No                        ; No                        ;
; LEDR[7]     ; 2.5 V        ; 0 s                 ; 0 s                 ; 2.75 V                       ; 0.000213 V                   ; 2.79 V              ; -0.0324 V           ; 0.139 V                              ; 0.119 V                              ; 4.42e-10 s                  ; 4.33e-10 s                  ; No                         ; Yes                        ; 2.75 V                      ; 0.000213 V                  ; 2.79 V             ; -0.0324 V          ; 0.139 V                             ; 0.119 V                             ; 4.42e-10 s                 ; 4.33e-10 s                 ; No                        ; Yes                       ;
; LEDR[8]     ; 2.5 V        ; 0 s                 ; 0 s                 ; 2.75 V                       ; 0.000242 V                   ; 2.86 V              ; -0.0805 V           ; 0.358 V                              ; 0.156 V                              ; 3.01e-10 s                  ; 4.34e-10 s                  ; No                         ; No                         ; 2.75 V                      ; 0.000242 V                  ; 2.86 V             ; -0.0805 V          ; 0.358 V                             ; 0.156 V                             ; 3.01e-10 s                 ; 4.34e-10 s                 ; No                        ; No                        ;
; LEDR[9]     ; 2.5 V        ; 0 s                 ; 0 s                 ; 2.75 V                       ; 0.000242 V                   ; 2.86 V              ; -0.0814 V           ; 0.36 V                               ; 0.156 V                              ; 3e-10 s                     ; 4.34e-10 s                  ; No                         ; No                         ; 2.75 V                      ; 0.000242 V                  ; 2.86 V             ; -0.0814 V          ; 0.36 V                              ; 0.156 V                             ; 3e-10 s                    ; 4.34e-10 s                 ; No                        ; No                        ;
; HEX5[0]     ; 2.5 V        ; 0 s                 ; 0 s                 ; 2.75 V                       ; 0.000247 V                   ; 2.85 V              ; -0.0711 V           ; 0.204 V                              ; 0.181 V                              ; 4.55e-10 s                  ; 4.49e-10 s                  ; No                         ; No                         ; 2.75 V                      ; 0.000247 V                  ; 2.85 V             ; -0.0711 V          ; 0.204 V                             ; 0.181 V                             ; 4.55e-10 s                 ; 4.49e-10 s                 ; No                        ; No                        ;
; HEX5[1]     ; 2.5 V        ; 0 s                 ; 0 s                 ; 2.75 V                       ; 0.000213 V                   ; 2.79 V              ; -0.0324 V           ; 0.139 V                              ; 0.119 V                              ; 4.42e-10 s                  ; 4.33e-10 s                  ; No                         ; Yes                        ; 2.75 V                      ; 0.000213 V                  ; 2.79 V             ; -0.0324 V          ; 0.139 V                             ; 0.119 V                             ; 4.42e-10 s                 ; 4.33e-10 s                 ; No                        ; Yes                       ;
; HEX5[2]     ; 2.5 V        ; 0 s                 ; 0 s                 ; 2.75 V                       ; 0.000213 V                   ; 2.79 V              ; -0.0324 V           ; 0.139 V                              ; 0.119 V                              ; 4.42e-10 s                  ; 4.33e-10 s                  ; No                         ; Yes                        ; 2.75 V                      ; 0.000213 V                  ; 2.79 V             ; -0.0324 V          ; 0.139 V                             ; 0.119 V                             ; 4.42e-10 s                 ; 4.33e-10 s                 ; No                        ; Yes                       ;
; HEX5[3]     ; 2.5 V        ; 0 s                 ; 0 s                 ; 2.75 V                       ; 0.000213 V                   ; 2.79 V              ; -0.0324 V           ; 0.139 V                              ; 0.119 V                              ; 4.42e-10 s                  ; 4.33e-10 s                  ; No                         ; Yes                        ; 2.75 V                      ; 0.000213 V                  ; 2.79 V             ; -0.0324 V          ; 0.139 V                             ; 0.119 V                             ; 4.42e-10 s                 ; 4.33e-10 s                 ; No                        ; Yes                       ;
; HEX5[4]     ; 2.5 V        ; 0 s                 ; 0 s                 ; 2.75 V                       ; 0.000242 V                   ; 2.86 V              ; -0.0814 V           ; 0.36 V                               ; 0.156 V                              ; 3e-10 s                     ; 4.34e-10 s                  ; No                         ; No                         ; 2.75 V                      ; 0.000242 V                  ; 2.86 V             ; -0.0814 V          ; 0.36 V                              ; 0.156 V                             ; 3e-10 s                    ; 4.34e-10 s                 ; No                        ; No                        ;
; HEX5[5]     ; 2.5 V        ; 0 s                 ; 0 s                 ; 2.75 V                       ; 0.000242 V                   ; 2.86 V              ; -0.0805 V           ; 0.358 V                              ; 0.156 V                              ; 3.01e-10 s                  ; 4.34e-10 s                  ; No                         ; No                         ; 2.75 V                      ; 0.000242 V                  ; 2.86 V             ; -0.0805 V          ; 0.358 V                             ; 0.156 V                             ; 3.01e-10 s                 ; 4.34e-10 s                 ; No                        ; No                        ;
; HEX5[6]     ; 2.5 V        ; 0 s                 ; 0 s                 ; 2.75 V                       ; 0.000247 V                   ; 2.85 V              ; -0.0711 V           ; 0.204 V                              ; 0.181 V                              ; 4.55e-10 s                  ; 4.49e-10 s                  ; No                         ; No                         ; 2.75 V                      ; 0.000247 V                  ; 2.85 V             ; -0.0711 V          ; 0.204 V                             ; 0.181 V                             ; 4.55e-10 s                 ; 4.49e-10 s                 ; No                        ; No                        ;
; HEX4[0]     ; 2.5 V        ; 0 s                 ; 0 s                 ; 2.75 V                       ; 0.000242 V                   ; 2.86 V              ; -0.0805 V           ; 0.358 V                              ; 0.156 V                              ; 3.01e-10 s                  ; 4.34e-10 s                  ; No                         ; No                         ; 2.75 V                      ; 0.000242 V                  ; 2.86 V             ; -0.0805 V          ; 0.358 V                             ; 0.156 V                             ; 3.01e-10 s                 ; 4.34e-10 s                 ; No                        ; No                        ;
; HEX4[1]     ; 2.5 V        ; 0 s                 ; 0 s                 ; 2.75 V                       ; 0.000213 V                   ; 2.79 V              ; -0.0324 V           ; 0.139 V                              ; 0.119 V                              ; 4.42e-10 s                  ; 4.33e-10 s                  ; No                         ; Yes                        ; 2.75 V                      ; 0.000213 V                  ; 2.79 V             ; -0.0324 V          ; 0.139 V                             ; 0.119 V                             ; 4.42e-10 s                 ; 4.33e-10 s                 ; No                        ; Yes                       ;
; HEX4[2]     ; 2.5 V        ; 0 s                 ; 0 s                 ; 2.75 V                       ; 0.000213 V                   ; 2.79 V              ; -0.0324 V           ; 0.139 V                              ; 0.119 V                              ; 4.42e-10 s                  ; 4.33e-10 s                  ; No                         ; Yes                        ; 2.75 V                      ; 0.000213 V                  ; 2.79 V             ; -0.0324 V          ; 0.139 V                             ; 0.119 V                             ; 4.42e-10 s                 ; 4.33e-10 s                 ; No                        ; Yes                       ;
; HEX4[3]     ; 2.5 V        ; 0 s                 ; 0 s                 ; 2.75 V                       ; 0.000213 V                   ; 2.79 V              ; -0.0324 V           ; 0.139 V                              ; 0.119 V                              ; 4.42e-10 s                  ; 4.33e-10 s                  ; No                         ; Yes                        ; 2.75 V                      ; 0.000213 V                  ; 2.79 V             ; -0.0324 V          ; 0.139 V                             ; 0.119 V                             ; 4.42e-10 s                 ; 4.33e-10 s                 ; No                        ; Yes                       ;
; HEX4[4]     ; 2.5 V        ; 0 s                 ; 0 s                 ; 2.75 V                       ; 0.000247 V                   ; 2.85 V              ; -0.0711 V           ; 0.204 V                              ; 0.181 V                              ; 4.55e-10 s                  ; 4.49e-10 s                  ; No                         ; No                         ; 2.75 V                      ; 0.000247 V                  ; 2.85 V             ; -0.0711 V          ; 0.204 V                             ; 0.181 V                             ; 4.55e-10 s                 ; 4.49e-10 s                 ; No                        ; No                        ;
; HEX4[5]     ; 2.5 V        ; 0 s                 ; 0 s                 ; 2.75 V                       ; 0.000247 V                   ; 2.85 V              ; -0.0711 V           ; 0.204 V                              ; 0.181 V                              ; 4.55e-10 s                  ; 4.49e-10 s                  ; No                         ; No                         ; 2.75 V                      ; 0.000247 V                  ; 2.85 V             ; -0.0711 V          ; 0.204 V                             ; 0.181 V                             ; 4.55e-10 s                 ; 4.49e-10 s                 ; No                        ; No                        ;
; HEX4[6]     ; 2.5 V        ; 0 s                 ; 0 s                 ; 2.75 V                       ; 0.000213 V                   ; 2.79 V              ; -0.0324 V           ; 0.139 V                              ; 0.119 V                              ; 4.42e-10 s                  ; 4.33e-10 s                  ; No                         ; Yes                        ; 2.75 V                      ; 0.000213 V                  ; 2.79 V             ; -0.0324 V          ; 0.139 V                             ; 0.119 V                             ; 4.42e-10 s                 ; 4.33e-10 s                 ; No                        ; Yes                       ;
; HEX3[0]     ; 2.5 V        ; 0 s                 ; 0 s                 ; 2.75 V                       ; 0.000213 V                   ; 2.79 V              ; -0.0324 V           ; 0.139 V                              ; 0.119 V                              ; 4.42e-10 s                  ; 4.33e-10 s                  ; No                         ; Yes                        ; 2.75 V                      ; 0.000213 V                  ; 2.79 V             ; -0.0324 V          ; 0.139 V                             ; 0.119 V                             ; 4.42e-10 s                 ; 4.33e-10 s                 ; No                        ; Yes                       ;
; HEX3[1]     ; 2.5 V        ; 0 s                 ; 0 s                 ; 2.75 V                       ; 0.000247 V                   ; 2.85 V              ; -0.0711 V           ; 0.204 V                              ; 0.181 V                              ; 4.55e-10 s                  ; 4.49e-10 s                  ; No                         ; No                         ; 2.75 V                      ; 0.000247 V                  ; 2.85 V             ; -0.0711 V          ; 0.204 V                             ; 0.181 V                             ; 4.55e-10 s                 ; 4.49e-10 s                 ; No                        ; No                        ;
; HEX3[2]     ; 2.5 V        ; 0 s                 ; 0 s                 ; 2.75 V                       ; 0.000247 V                   ; 2.85 V              ; -0.0711 V           ; 0.204 V                              ; 0.181 V                              ; 4.55e-10 s                  ; 4.49e-10 s                  ; No                         ; No                         ; 2.75 V                      ; 0.000247 V                  ; 2.85 V             ; -0.0711 V          ; 0.204 V                             ; 0.181 V                             ; 4.55e-10 s                 ; 4.49e-10 s                 ; No                        ; No                        ;
; HEX3[3]     ; 2.5 V        ; 0 s                 ; 0 s                 ; 2.75 V                       ; 0.000213 V                   ; 2.79 V              ; -0.0324 V           ; 0.139 V                              ; 0.119 V                              ; 4.42e-10 s                  ; 4.33e-10 s                  ; No                         ; Yes                        ; 2.75 V                      ; 0.000213 V                  ; 2.79 V             ; -0.0324 V          ; 0.139 V                             ; 0.119 V                             ; 4.42e-10 s                 ; 4.33e-10 s                 ; No                        ; Yes                       ;
; HEX3[4]     ; 2.5 V        ; 0 s                 ; 0 s                 ; 2.75 V                       ; 0.000247 V                   ; 2.85 V              ; -0.0711 V           ; 0.204 V                              ; 0.181 V                              ; 4.55e-10 s                  ; 4.49e-10 s                  ; No                         ; No                         ; 2.75 V                      ; 0.000247 V                  ; 2.85 V             ; -0.0711 V          ; 0.204 V                             ; 0.181 V                             ; 4.55e-10 s                 ; 4.49e-10 s                 ; No                        ; No                        ;
; HEX3[5]     ; 2.5 V        ; 0 s                 ; 0 s                 ; 2.75 V                       ; 0.000247 V                   ; 2.85 V              ; -0.0711 V           ; 0.204 V                              ; 0.181 V                              ; 4.55e-10 s                  ; 4.49e-10 s                  ; No                         ; No                         ; 2.75 V                      ; 0.000247 V                  ; 2.85 V             ; -0.0711 V          ; 0.204 V                             ; 0.181 V                             ; 4.55e-10 s                 ; 4.49e-10 s                 ; No                        ; No                        ;
; HEX3[6]     ; 2.5 V        ; 0 s                 ; 0 s                 ; 2.75 V                       ; 0.000213 V                   ; 2.79 V              ; -0.0324 V           ; 0.139 V                              ; 0.119 V                              ; 4.42e-10 s                  ; 4.33e-10 s                  ; No                         ; Yes                        ; 2.75 V                      ; 0.000213 V                  ; 2.79 V             ; -0.0324 V          ; 0.139 V                             ; 0.119 V                             ; 4.42e-10 s                 ; 4.33e-10 s                 ; No                        ; Yes                       ;
; HEX2[0]     ; 2.5 V        ; 0 s                 ; 0 s                 ; 2.75 V                       ; 0.000247 V                   ; 2.85 V              ; -0.0711 V           ; 0.204 V                              ; 0.181 V                              ; 4.55e-10 s                  ; 4.49e-10 s                  ; No                         ; No                         ; 2.75 V                      ; 0.000247 V                  ; 2.85 V             ; -0.0711 V          ; 0.204 V                             ; 0.181 V                             ; 4.55e-10 s                 ; 4.49e-10 s                 ; No                        ; No                        ;
; HEX2[1]     ; 2.5 V        ; 0 s                 ; 0 s                 ; 2.75 V                       ; 0.000242 V                   ; 2.86 V              ; -0.0814 V           ; 0.36 V                               ; 0.156 V                              ; 3e-10 s                     ; 4.34e-10 s                  ; No                         ; No                         ; 2.75 V                      ; 0.000242 V                  ; 2.86 V             ; -0.0814 V          ; 0.36 V                              ; 0.156 V                             ; 3e-10 s                    ; 4.34e-10 s                 ; No                        ; No                        ;
; HEX2[2]     ; 2.5 V        ; 0 s                 ; 0 s                 ; 2.75 V                       ; 0.000242 V                   ; 2.86 V              ; -0.0814 V           ; 0.36 V                               ; 0.156 V                              ; 3e-10 s                     ; 4.34e-10 s                  ; No                         ; No                         ; 2.75 V                      ; 0.000242 V                  ; 2.86 V             ; -0.0814 V          ; 0.36 V                              ; 0.156 V                             ; 3e-10 s                    ; 4.34e-10 s                 ; No                        ; No                        ;
; HEX2[3]     ; 2.5 V        ; 0 s                 ; 0 s                 ; 2.75 V                       ; 0.000213 V                   ; 2.79 V              ; -0.0324 V           ; 0.139 V                              ; 0.119 V                              ; 4.42e-10 s                  ; 4.33e-10 s                  ; No                         ; Yes                        ; 2.75 V                      ; 0.000213 V                  ; 2.79 V             ; -0.0324 V          ; 0.139 V                             ; 0.119 V                             ; 4.42e-10 s                 ; 4.33e-10 s                 ; No                        ; Yes                       ;
; HEX2[4]     ; 2.5 V        ; 0 s                 ; 0 s                 ; 2.75 V                       ; 0.000213 V                   ; 2.79 V              ; -0.0324 V           ; 0.139 V                              ; 0.119 V                              ; 4.42e-10 s                  ; 4.33e-10 s                  ; No                         ; Yes                        ; 2.75 V                      ; 0.000213 V                  ; 2.79 V             ; -0.0324 V          ; 0.139 V                             ; 0.119 V                             ; 4.42e-10 s                 ; 4.33e-10 s                 ; No                        ; Yes                       ;
; HEX2[5]     ; 2.5 V        ; 0 s                 ; 0 s                 ; 2.75 V                       ; 0.000242 V                   ; 2.86 V              ; -0.0814 V           ; 0.36 V                               ; 0.156 V                              ; 3e-10 s                     ; 4.34e-10 s                  ; No                         ; No                         ; 2.75 V                      ; 0.000242 V                  ; 2.86 V             ; -0.0814 V          ; 0.36 V                              ; 0.156 V                             ; 3e-10 s                    ; 4.34e-10 s                 ; No                        ; No                        ;
; HEX2[6]     ; 2.5 V        ; 0 s                 ; 0 s                 ; 2.75 V                       ; 0.000242 V                   ; 2.86 V              ; -0.0805 V           ; 0.358 V                              ; 0.156 V                              ; 3.01e-10 s                  ; 4.34e-10 s                  ; No                         ; No                         ; 2.75 V                      ; 0.000242 V                  ; 2.86 V             ; -0.0805 V          ; 0.358 V                             ; 0.156 V                             ; 3.01e-10 s                 ; 4.34e-10 s                 ; No                        ; No                        ;
; HEX1[0]     ; 2.5 V        ; 0 s                 ; 0 s                 ; 2.75 V                       ; 0.000242 V                   ; 2.86 V              ; -0.0805 V           ; 0.358 V                              ; 0.156 V                              ; 3.01e-10 s                  ; 4.34e-10 s                  ; No                         ; No                         ; 2.75 V                      ; 0.000242 V                  ; 2.86 V             ; -0.0805 V          ; 0.358 V                             ; 0.156 V                             ; 3.01e-10 s                 ; 4.34e-10 s                 ; No                        ; No                        ;
; HEX1[1]     ; 2.5 V        ; 0 s                 ; 0 s                 ; 2.75 V                       ; 0.000242 V                   ; 2.86 V              ; -0.0814 V           ; 0.36 V                               ; 0.156 V                              ; 3e-10 s                     ; 4.34e-10 s                  ; No                         ; No                         ; 2.75 V                      ; 0.000242 V                  ; 2.86 V             ; -0.0814 V          ; 0.36 V                              ; 0.156 V                             ; 3e-10 s                    ; 4.34e-10 s                 ; No                        ; No                        ;
; HEX1[2]     ; 2.5 V        ; 0 s                 ; 0 s                 ; 2.75 V                       ; 0.000242 V                   ; 2.86 V              ; -0.0814 V           ; 0.36 V                               ; 0.156 V                              ; 3e-10 s                     ; 4.34e-10 s                  ; No                         ; No                         ; 2.75 V                      ; 0.000242 V                  ; 2.86 V             ; -0.0814 V          ; 0.36 V                              ; 0.156 V                             ; 3e-10 s                    ; 4.34e-10 s                 ; No                        ; No                        ;
; HEX1[3]     ; 2.5 V        ; 0 s                 ; 0 s                 ; 2.75 V                       ; 0.000242 V                   ; 2.86 V              ; -0.0805 V           ; 0.358 V                              ; 0.156 V                              ; 3.01e-10 s                  ; 4.34e-10 s                  ; No                         ; No                         ; 2.75 V                      ; 0.000242 V                  ; 2.86 V             ; -0.0805 V          ; 0.358 V                             ; 0.156 V                             ; 3.01e-10 s                 ; 4.34e-10 s                 ; No                        ; No                        ;
; HEX1[4]     ; 2.5 V        ; 0 s                 ; 0 s                 ; 2.75 V                       ; 0.000242 V                   ; 2.86 V              ; -0.0805 V           ; 0.358 V                              ; 0.156 V                              ; 3.01e-10 s                  ; 4.34e-10 s                  ; No                         ; No                         ; 2.75 V                      ; 0.000242 V                  ; 2.86 V             ; -0.0805 V          ; 0.358 V                             ; 0.156 V                             ; 3.01e-10 s                 ; 4.34e-10 s                 ; No                        ; No                        ;
; HEX1[5]     ; 2.5 V        ; 0 s                 ; 0 s                 ; 2.75 V                       ; 0.000242 V                   ; 2.86 V              ; -0.0814 V           ; 0.36 V                               ; 0.156 V                              ; 3e-10 s                     ; 4.34e-10 s                  ; No                         ; No                         ; 2.75 V                      ; 0.000242 V                  ; 2.86 V             ; -0.0814 V          ; 0.36 V                              ; 0.156 V                             ; 3e-10 s                    ; 4.34e-10 s                 ; No                        ; No                        ;
; HEX1[6]     ; 2.5 V        ; 0 s                 ; 0 s                 ; 2.75 V                       ; 0.000242 V                   ; 2.86 V              ; -0.0814 V           ; 0.36 V                               ; 0.156 V                              ; 3e-10 s                     ; 4.34e-10 s                  ; No                         ; No                         ; 2.75 V                      ; 0.000242 V                  ; 2.86 V             ; -0.0814 V          ; 0.36 V                              ; 0.156 V                             ; 3e-10 s                    ; 4.34e-10 s                 ; No                        ; No                        ;
; HEX0[0]     ; 2.5 V        ; 0 s                 ; 0 s                 ; 2.75 V                       ; 0.000242 V                   ; 2.86 V              ; -0.0814 V           ; 0.36 V                               ; 0.156 V                              ; 3e-10 s                     ; 4.34e-10 s                  ; No                         ; No                         ; 2.75 V                      ; 0.000242 V                  ; 2.86 V             ; -0.0814 V          ; 0.36 V                              ; 0.156 V                             ; 3e-10 s                    ; 4.34e-10 s                 ; No                        ; No                        ;
; HEX0[1]     ; 2.5 V        ; 0 s                 ; 0 s                 ; 2.75 V                       ; 0.000242 V                   ; 2.86 V              ; -0.0805 V           ; 0.358 V                              ; 0.156 V                              ; 3.01e-10 s                  ; 4.34e-10 s                  ; No                         ; No                         ; 2.75 V                      ; 0.000242 V                  ; 2.86 V             ; -0.0805 V          ; 0.358 V                             ; 0.156 V                             ; 3.01e-10 s                 ; 4.34e-10 s                 ; No                        ; No                        ;
; HEX0[2]     ; 2.5 V        ; 0 s                 ; 0 s                 ; 2.75 V                       ; 0.000242 V                   ; 2.86 V              ; -0.0805 V           ; 0.358 V                              ; 0.156 V                              ; 3.01e-10 s                  ; 4.34e-10 s                  ; No                         ; No                         ; 2.75 V                      ; 0.000242 V                  ; 2.86 V             ; -0.0805 V          ; 0.358 V                             ; 0.156 V                             ; 3.01e-10 s                 ; 4.34e-10 s                 ; No                        ; No                        ;
; HEX0[3]     ; 2.5 V        ; 0 s                 ; 0 s                 ; 2.75 V                       ; 0.000242 V                   ; 2.86 V              ; -0.0805 V           ; 0.358 V                              ; 0.156 V                              ; 3.01e-10 s                  ; 4.34e-10 s                  ; No                         ; No                         ; 2.75 V                      ; 0.000242 V                  ; 2.86 V             ; -0.0805 V          ; 0.358 V                             ; 0.156 V                             ; 3.01e-10 s                 ; 4.34e-10 s                 ; No                        ; No                        ;
; HEX0[4]     ; 2.5 V        ; 0 s                 ; 0 s                 ; 2.75 V                       ; 0.000242 V                   ; 2.86 V              ; -0.0814 V           ; 0.36 V                               ; 0.156 V                              ; 3e-10 s                     ; 4.34e-10 s                  ; No                         ; No                         ; 2.75 V                      ; 0.000242 V                  ; 2.86 V             ; -0.0814 V          ; 0.36 V                              ; 0.156 V                             ; 3e-10 s                    ; 4.34e-10 s                 ; No                        ; No                        ;
; HEX0[5]     ; 2.5 V        ; 0 s                 ; 0 s                 ; 2.75 V                       ; 0.000242 V                   ; 2.86 V              ; -0.0814 V           ; 0.36 V                               ; 0.156 V                              ; 3e-10 s                     ; 4.34e-10 s                  ; No                         ; No                         ; 2.75 V                      ; 0.000242 V                  ; 2.86 V             ; -0.0814 V          ; 0.36 V                              ; 0.156 V                             ; 3e-10 s                    ; 4.34e-10 s                 ; No                        ; No                        ;
; HEX0[6]     ; 2.5 V        ; 0 s                 ; 0 s                 ; 2.75 V                       ; 0.000242 V                   ; 2.86 V              ; -0.0805 V           ; 0.358 V                              ; 0.156 V                              ; 3.01e-10 s                  ; 4.34e-10 s                  ; No                         ; No                         ; 2.75 V                      ; 0.000242 V                  ; 2.86 V             ; -0.0805 V          ; 0.358 V                             ; 0.156 V                             ; 3.01e-10 s                 ; 4.34e-10 s                 ; No                        ; No                        ;
; VGA_R[0]    ; 2.5 V        ; 0 s                 ; 0 s                 ; 2.75 V                       ; 0.000242 V                   ; 2.86 V              ; -0.0814 V           ; 0.36 V                               ; 0.156 V                              ; 3e-10 s                     ; 4.34e-10 s                  ; No                         ; No                         ; 2.75 V                      ; 0.000242 V                  ; 2.86 V             ; -0.0814 V          ; 0.36 V                              ; 0.156 V                             ; 3e-10 s                    ; 4.34e-10 s                 ; No                        ; No                        ;
; VGA_R[1]    ; 2.5 V        ; 0 s                 ; 0 s                 ; 2.75 V                       ; 0.000247 V                   ; 2.85 V              ; -0.0711 V           ; 0.204 V                              ; 0.181 V                              ; 4.55e-10 s                  ; 4.49e-10 s                  ; No                         ; No                         ; 2.75 V                      ; 0.000247 V                  ; 2.85 V             ; -0.0711 V          ; 0.204 V                             ; 0.181 V                             ; 4.55e-10 s                 ; 4.49e-10 s                 ; No                        ; No                        ;
; VGA_R[2]    ; 2.5 V        ; 0 s                 ; 0 s                 ; 2.75 V                       ; 0.000213 V                   ; 2.79 V              ; -0.0324 V           ; 0.139 V                              ; 0.119 V                              ; 4.42e-10 s                  ; 4.33e-10 s                  ; No                         ; Yes                        ; 2.75 V                      ; 0.000213 V                  ; 2.79 V             ; -0.0324 V          ; 0.139 V                             ; 0.119 V                             ; 4.42e-10 s                 ; 4.33e-10 s                 ; No                        ; Yes                       ;
; VGA_R[3]    ; 2.5 V        ; 0 s                 ; 0 s                 ; 2.75 V                       ; 0.000242 V                   ; 2.86 V              ; -0.0805 V           ; 0.358 V                              ; 0.156 V                              ; 3.01e-10 s                  ; 4.34e-10 s                  ; No                         ; No                         ; 2.75 V                      ; 0.000242 V                  ; 2.86 V             ; -0.0805 V          ; 0.358 V                             ; 0.156 V                             ; 3.01e-10 s                 ; 4.34e-10 s                 ; No                        ; No                        ;
; VGA_G[0]    ; 2.5 V        ; 0 s                 ; 0 s                 ; 2.75 V                       ; 0.000242 V                   ; 2.86 V              ; -0.0805 V           ; 0.358 V                              ; 0.156 V                              ; 3.01e-10 s                  ; 4.34e-10 s                  ; No                         ; No                         ; 2.75 V                      ; 0.000242 V                  ; 2.86 V             ; -0.0805 V          ; 0.358 V                             ; 0.156 V                             ; 3.01e-10 s                 ; 4.34e-10 s                 ; No                        ; No                        ;
; VGA_G[1]    ; 2.5 V        ; 0 s                 ; 0 s                 ; 2.75 V                       ; 0.000242 V                   ; 2.86 V              ; -0.0814 V           ; 0.36 V                               ; 0.156 V                              ; 3e-10 s                     ; 4.34e-10 s                  ; No                         ; No                         ; 2.75 V                      ; 0.000242 V                  ; 2.86 V             ; -0.0814 V          ; 0.36 V                              ; 0.156 V                             ; 3e-10 s                    ; 4.34e-10 s                 ; No                        ; No                        ;
; VGA_G[2]    ; 2.5 V        ; 0 s                 ; 0 s                 ; 2.75 V                       ; 0.000247 V                   ; 2.85 V              ; -0.0711 V           ; 0.204 V                              ; 0.181 V                              ; 4.55e-10 s                  ; 4.49e-10 s                  ; No                         ; No                         ; 2.75 V                      ; 0.000247 V                  ; 2.85 V             ; -0.0711 V          ; 0.204 V                             ; 0.181 V                             ; 4.55e-10 s                 ; 4.49e-10 s                 ; No                        ; No                        ;
; VGA_G[3]    ; 2.5 V        ; 0 s                 ; 0 s                 ; 2.75 V                       ; 0.000213 V                   ; 2.79 V              ; -0.0324 V           ; 0.139 V                              ; 0.119 V                              ; 4.42e-10 s                  ; 4.33e-10 s                  ; No                         ; Yes                        ; 2.75 V                      ; 0.000213 V                  ; 2.79 V             ; -0.0324 V          ; 0.139 V                             ; 0.119 V                             ; 4.42e-10 s                 ; 4.33e-10 s                 ; No                        ; Yes                       ;
; VGA_B[0]    ; 2.5 V        ; 0 s                 ; 0 s                 ; 2.75 V                       ; 0.000242 V                   ; 2.86 V              ; -0.0805 V           ; 0.358 V                              ; 0.156 V                              ; 3.01e-10 s                  ; 4.34e-10 s                  ; No                         ; No                         ; 2.75 V                      ; 0.000242 V                  ; 2.86 V             ; -0.0805 V          ; 0.358 V                             ; 0.156 V                             ; 3.01e-10 s                 ; 4.34e-10 s                 ; No                        ; No                        ;
; VGA_B[1]    ; 2.5 V        ; 0 s                 ; 0 s                 ; 2.75 V                       ; 0.000242 V                   ; 2.86 V              ; -0.0814 V           ; 0.36 V                               ; 0.156 V                              ; 3e-10 s                     ; 4.34e-10 s                  ; No                         ; No                         ; 2.75 V                      ; 0.000242 V                  ; 2.86 V             ; -0.0814 V          ; 0.36 V                              ; 0.156 V                             ; 3e-10 s                    ; 4.34e-10 s                 ; No                        ; No                        ;
; VGA_B[2]    ; 2.5 V        ; 0 s                 ; 0 s                 ; 2.75 V                       ; 0.000247 V                   ; 2.85 V              ; -0.0711 V           ; 0.204 V                              ; 0.181 V                              ; 4.55e-10 s                  ; 4.49e-10 s                  ; No                         ; No                         ; 2.75 V                      ; 0.000247 V                  ; 2.85 V             ; -0.0711 V          ; 0.204 V                             ; 0.181 V                             ; 4.55e-10 s                 ; 4.49e-10 s                 ; No                        ; No                        ;
; VGA_B[3]    ; 2.5 V        ; 0 s                 ; 0 s                 ; 2.75 V                       ; 0.000213 V                   ; 2.79 V              ; -0.0324 V           ; 0.139 V                              ; 0.119 V                              ; 4.42e-10 s                  ; 4.33e-10 s                  ; No                         ; Yes                        ; 2.75 V                      ; 0.000213 V                  ; 2.79 V             ; -0.0324 V          ; 0.139 V                             ; 0.119 V                             ; 4.42e-10 s                 ; 4.33e-10 s                 ; No                        ; Yes                       ;
; VGA_HS      ; 2.5 V        ; 0 s                 ; 0 s                 ; 2.75 V                       ; 0.000242 V                   ; 2.86 V              ; -0.0805 V           ; 0.358 V                              ; 0.156 V                              ; 3.01e-10 s                  ; 4.34e-10 s                  ; No                         ; No                         ; 2.75 V                      ; 0.000242 V                  ; 2.86 V             ; -0.0805 V          ; 0.358 V                             ; 0.156 V                             ; 3.01e-10 s                 ; 4.34e-10 s                 ; No                        ; No                        ;
; VGA_VS      ; 2.5 V        ; 0 s                 ; 0 s                 ; 2.75 V                       ; 0.000242 V                   ; 2.86 V              ; -0.0814 V           ; 0.36 V                               ; 0.156 V                              ; 3e-10 s                     ; 4.34e-10 s                  ; No                         ; No                         ; 2.75 V                      ; 0.000242 V                  ; 2.86 V             ; -0.0814 V          ; 0.36 V                              ; 0.156 V                             ; 3e-10 s                    ; 4.34e-10 s                 ; No                        ; No                        ;
; VGA_CLK     ; 2.5 V        ; 0 s                 ; 0 s                 ; 2.75 V                       ; 0.000242 V                   ; 2.86 V              ; -0.0805 V           ; 0.358 V                              ; 0.156 V                              ; 3.01e-10 s                  ; 4.34e-10 s                  ; No                         ; No                         ; 2.75 V                      ; 0.000242 V                  ; 2.86 V             ; -0.0805 V          ; 0.358 V                             ; 0.156 V                             ; 3.01e-10 s                 ; 4.34e-10 s                 ; No                        ; No                        ;
; VGA_BLANK_N ; 2.5 V        ; 0 s                 ; 0 s                 ; 2.75 V                       ; 0.000242 V                   ; 2.86 V              ; -0.0805 V           ; 0.358 V                              ; 0.156 V                              ; 3.01e-10 s                  ; 4.34e-10 s                  ; No                         ; No                         ; 2.75 V                      ; 0.000242 V                  ; 2.86 V             ; -0.0805 V          ; 0.358 V                             ; 0.156 V                             ; 3.01e-10 s                 ; 4.34e-10 s                 ; No                        ; No                        ;
; VGA_SYNC_N  ; 2.5 V        ; 0 s                 ; 0 s                 ; 2.75 V                       ; 0.000247 V                   ; 2.85 V              ; -0.0711 V           ; 0.204 V                              ; 0.181 V                              ; 4.55e-10 s                  ; 4.49e-10 s                  ; No                         ; No                         ; 2.75 V                      ; 0.000247 V                  ; 2.85 V             ; -0.0711 V          ; 0.204 V                             ; 0.181 V                             ; 4.55e-10 s                 ; 4.49e-10 s                 ; No                        ; No                        ;
+-------------+--------------+---------------------+---------------------+------------------------------+------------------------------+---------------------+---------------------+--------------------------------------+--------------------------------------+-----------------------------+-----------------------------+----------------------------+----------------------------+-----------------------------+-----------------------------+--------------------+--------------------+-------------------------------------+-------------------------------------+----------------------------+----------------------------+---------------------------+---------------------------+


+-------------------------------------------------------------------------+
; Setup Transfers                                                         ;
+--------------+--------------+----------+----------+----------+----------+
; From Clock   ; To Clock     ; RR Paths ; FR Paths ; RF Paths ; FF Paths ;
+--------------+--------------+----------+----------+----------+----------+
; CLOCK_50     ; CLOCK_50     ; 2495717  ; 0        ; 0        ; 0        ;
; VGA_CLK~reg0 ; CLOCK_50     ; 113      ; 1        ; 0        ; 0        ;
; CLOCK_50     ; VGA_CLK~reg0 ; 12       ; 0        ; 0        ; 0        ;
; VGA_CLK~reg0 ; VGA_CLK~reg0 ; 675      ; 0        ; 0        ; 0        ;
+--------------+--------------+----------+----------+----------+----------+
Entries labeled "false path" only account for clock-to-clock false paths and not path-based false paths. As a result, actual path counts may be lower than reported.


+-------------------------------------------------------------------------+
; Hold Transfers                                                          ;
+--------------+--------------+----------+----------+----------+----------+
; From Clock   ; To Clock     ; RR Paths ; FR Paths ; RF Paths ; FF Paths ;
+--------------+--------------+----------+----------+----------+----------+
; CLOCK_50     ; CLOCK_50     ; 2495717  ; 0        ; 0        ; 0        ;
; VGA_CLK~reg0 ; CLOCK_50     ; 113      ; 1        ; 0        ; 0        ;
; CLOCK_50     ; VGA_CLK~reg0 ; 12       ; 0        ; 0        ; 0        ;
; VGA_CLK~reg0 ; VGA_CLK~reg0 ; 675      ; 0        ; 0        ; 0        ;
+--------------+--------------+----------+----------+----------+----------+
Entries labeled "false path" only account for clock-to-clock false paths and not path-based false paths. As a result, actual path counts may be lower than reported.


+-----------------------------------------------------------------------+
; Recovery Transfers                                                    ;
+------------+--------------+----------+----------+----------+----------+
; From Clock ; To Clock     ; RR Paths ; FR Paths ; RF Paths ; FF Paths ;
+------------+--------------+----------+----------+----------+----------+
; CLOCK_50   ; VGA_CLK~reg0 ; 120      ; 0        ; 0        ; 0        ;
+------------+--------------+----------+----------+----------+----------+
Entries labeled "false path" only account for clock-to-clock false paths and not path-based false paths. As a result, actual path counts may be lower than reported.


+-----------------------------------------------------------------------+
; Removal Transfers                                                     ;
+------------+--------------+----------+----------+----------+----------+
; From Clock ; To Clock     ; RR Paths ; FR Paths ; RF Paths ; FF Paths ;
+------------+--------------+----------+----------+----------+----------+
; CLOCK_50   ; VGA_CLK~reg0 ; 120      ; 0        ; 0        ; 0        ;
+------------+--------------+----------+----------+----------+----------+
Entries labeled "false path" only account for clock-to-clock false paths and not path-based false paths. As a result, actual path counts may be lower than reported.


---------------
; Report TCCS ;
---------------
No dedicated SERDES Transmitter circuitry present in device or used in design


---------------
; Report RSKM ;
---------------
No dedicated SERDES Receiver circuitry present in device or used in design


+------------------------------------------------+
; Unconstrained Paths                            ;
+---------------------------------+-------+------+
; Property                        ; Setup ; Hold ;
+---------------------------------+-------+------+
; Illegal Clocks                  ; 0     ; 0    ;
; Unconstrained Clocks            ; 0     ; 0    ;
; Unconstrained Input Ports       ; 0     ; 0    ;
; Unconstrained Input Port Paths  ; 0     ; 0    ;
; Unconstrained Output Ports      ; 61    ; 61   ;
; Unconstrained Output Port Paths ; 205   ; 205  ;
+---------------------------------+-------+------+


+------------------------------------+
; TimeQuest Timing Analyzer Messages ;
+------------------------------------+
Info: *******************************************************************
Info: Running Quartus II 64-Bit TimeQuest Timing Analyzer
    Info: Version 13.0.1 Build 232 06/12/2013 Service Pack 1 SJ Web Edition
    Info: Copyright (C) 1991-2013 Altera Corporation. All rights reserved.
    Info: Your use of Altera Corporation's design tools, logic functions 
    Info: and other software and tools, and its AMPP partner logic 
    Info: functions, and any output files from any of the foregoing 
    Info: (including device programming or simulation files), and any 
    Info: associated documentation or information are expressly subject 
    Info: to the terms and conditions of the Altera Program License 
    Info: Subscription Agreement, Altera MegaCore Function License 
    Info: Agreement, or other applicable license agreement, including, 
    Info: without limitation, that your use is for the sole purpose of 
    Info: programming logic devices manufactured by Altera and sold by 
    Info: Altera or its authorized distributors.  Please refer to the 
    Info: applicable agreement for further details.
    Info: Processing started: Mon Dec 15 20:30:52 2025
Info: Command: quartus_sta project
Info: qsta_default_script.tcl version: #1
Warning (20028): Parallel compilation is not licensed and has been disabled
Info (21076): High junction temperature operating condition is not set. Assuming a default value of '85'.
Info (21076): Low junction temperature operating condition is not set. Assuming a default value of '0'.
Critical Warning (332012): Synopsys Design Constraints File file not found: 'project.sdc'. A Synopsys Design Constraints File is required by the TimeQuest Timing Analyzer to get proper timing constraints. Without it, the Compiler will not properly optimize the design.
Info (332142): No user constrained base clocks found in the design. Calling "derive_clocks -period 1.0"
Info (332105): Deriving Clocks
    Info (332105): create_clock -period 1.000 -name VGA_CLK~reg0 VGA_CLK~reg0
    Info (332105): create_clock -period 1.000 -name CLOCK_50 CLOCK_50
Info (332143): No user constrained clock uncertainty found in the design. Calling "derive_clock_uncertainty"
Info (332123): Deriving Clock Uncertainty. Please refer to report_sdc in TimeQuest to see clock uncertainties.
Info: Found TIMEQUEST_REPORT_SCRIPT_INCLUDE_DEFAULT_ANALYSIS = ON
Info: Analyzing Slow 1100mV 85C Model
Critical Warning (332148): Timing requirements not met
    Info (11105): For recommendations on closing timing, run Report Timing Closure Recommendations in the TimeQuest Timing Analyzer.
Info (332146): Worst-case setup slack is -11.119
    Info (332119):     Slack End Point TNS Clock 
    Info (332119): ========= ============= =====================
    Info (332119):   -11.119    -11963.899 CLOCK_50 
    Info (332119):    -4.174      -131.931 VGA_CLK~reg0 
Info (332146): Worst-case hold slack is -1.271
    Info (332119):     Slack End Point TNS Clock 
    Info (332119): ========= ============= =====================
    Info (332119):    -1.271        -6.257 CLOCK_50 
    Info (332119):     0.424         0.000 VGA_CLK~reg0 
Info (332146): Worst-case recovery slack is -3.500
    Info (332119):     Slack End Point TNS Clock 
    Info (332119): ========= ============= =====================
    Info (332119):    -3.500      -103.504 VGA_CLK~reg0 
Info (332146): Worst-case removal slack is 2.281
    Info (332119):     Slack End Point TNS Clock 
    Info (332119): ========= ============= =====================
    Info (332119):     2.281         0.000 VGA_CLK~reg0 
Info (332146): Worst-case minimum pulse width slack is -3.166
    Info (332119):     Slack End Point TNS Clock 
    Info (332119): ========= ============= =====================
    Info (332119):    -3.166     -1427.324 CLOCK_50 
    Info (332119):    -0.538       -29.223 VGA_CLK~reg0 
Info: Analyzing Slow 1100mV 0C Model
Info (334003): Started post-fitting delay annotation
Info (334004): Delay annotation completed successfully
Info (332123): Deriving Clock Uncertainty. Please refer to report_sdc in TimeQuest to see clock uncertainties.
Critical Warning (332148): Timing requirements not met
    Info (11105): For recommendations on closing timing, run Report Timing Closure Recommendations in the TimeQuest Timing Analyzer.
Info (332146): Worst-case setup slack is -10.902
    Info (332119):     Slack End Point TNS Clock 
    Info (332119): ========= ============= =====================
    Info (332119):   -10.902    -11796.006 CLOCK_50 
    Info (332119):    -3.876      -123.917 VGA_CLK~reg0 
Info (332146): Worst-case hold slack is -1.283
    Info (332119):     Slack End Point TNS Clock 
    Info (332119): ========= ============= =====================
    Info (332119):    -1.283        -8.683 CLOCK_50 
    Info (332119):     0.482         0.000 VGA_CLK~reg0 
Info (332146): Worst-case recovery slack is -3.698
    Info (332119):     Slack End Point TNS Clock 
    Info (332119): ========= ============= =====================
    Info (332119):    -3.698      -108.999 VGA_CLK~reg0 
Info (332146): Worst-case removal slack is 2.392
    Info (332119):     Slack End Point TNS Clock 
    Info (332119): ========= ============= =====================
    Info (332119):     2.392         0.000 VGA_CLK~reg0 
Info (332146): Worst-case minimum pulse width slack is -3.166
    Info (332119):     Slack End Point TNS Clock 
    Info (332119): ========= ============= =====================
    Info (332119):    -3.166     -1436.195 CLOCK_50 
    Info (332119):    -0.538       -29.347 VGA_CLK~reg0 
Info: Analyzing Fast 1100mV 85C Model
Info (334003): Started post-fitting delay annotation
Info (334004): Delay annotation completed successfully
Info (332123): Deriving Clock Uncertainty. Please refer to report_sdc in TimeQuest to see clock uncertainties.
Critical Warning (332148): Timing requirements not met
    Info (11105): For recommendations on closing timing, run Report Timing Closure Recommendations in the TimeQuest Timing Analyzer.
Info (332146): Worst-case setup slack is -6.084
    Info (332119):     Slack End Point TNS Clock 
    Info (332119): ========= ============= =====================
    Info (332119):    -6.084     -6161.321 CLOCK_50 
    Info (332119):    -1.912       -59.770 VGA_CLK~reg0 
Info (332146): Worst-case hold slack is -0.772
    Info (332119):     Slack End Point TNS Clock 
    Info (332119): ========= ============= =====================
    Info (332119):    -0.772        -5.803 CLOCK_50 
    Info (332119):     0.076         0.000 VGA_CLK~reg0 
Info (332146): Worst-case recovery slack is -1.509
    Info (332119):     Slack End Point TNS Clock 
    Info (332119): ========= ============= =====================
    Info (332119):    -1.509       -44.381 VGA_CLK~reg0 
Info (332146): Worst-case removal slack is 1.041
    Info (332119):     Slack End Point TNS Clock 
    Info (332119): ========= ============= =====================
    Info (332119):     1.041         0.000 VGA_CLK~reg0 
Info (332146): Worst-case minimum pulse width slack is -2.636
    Info (332119):     Slack End Point TNS Clock 
    Info (332119): ========= ============= =====================
    Info (332119):    -2.636      -484.957 CLOCK_50 
    Info (332119):    -0.022        -0.348 VGA_CLK~reg0 
Info: Analyzing Fast 1100mV 0C Model
Info (332123): Deriving Clock Uncertainty. Please refer to report_sdc in TimeQuest to see clock uncertainties.
Critical Warning (332148): Timing requirements not met
    Info (11105): For recommendations on closing timing, run Report Timing Closure Recommendations in the TimeQuest Timing Analyzer.
Info (332146): Worst-case setup slack is -5.403
    Info (332119):     Slack End Point TNS Clock 
    Info (332119): ========= ============= =====================
    Info (332119):    -5.403     -5421.482 CLOCK_50 
    Info (332119):    -1.600       -50.493 VGA_CLK~reg0 
Info (332146): Worst-case hold slack is -0.939
    Info (332119):     Slack End Point TNS Clock 
    Info (332119): ========= ============= =====================
    Info (332119):    -0.939        -7.250 CLOCK_50 
    Info (332119):     0.075         0.000 VGA_CLK~reg0 
Info (332146): Worst-case recovery slack is -1.492
    Info (332119):     Slack End Point TNS Clock 
    Info (332119): ========= ============= =====================
    Info (332119):    -1.492       -43.719 VGA_CLK~reg0 
Info (332146): Worst-case removal slack is 1.060
    Info (332119):     Slack End Point TNS Clock 
    Info (332119): ========= ============= =====================
    Info (332119):     1.060         0.000 VGA_CLK~reg0 
Info (332146): Worst-case minimum pulse width slack is -2.636
    Info (332119):     Slack End Point TNS Clock 
    Info (332119): ========= ============= =====================
    Info (332119):    -2.636      -483.115 CLOCK_50 
    Info (332119):    -0.003        -0.017 VGA_CLK~reg0 
Info (332102): Design is not fully constrained for setup requirements
Info (332102): Design is not fully constrained for hold requirements
Info: Quartus II 64-Bit TimeQuest Timing Analyzer was successful. 0 errors, 6 warnings
    Info: Peak virtual memory: 5209 megabytes
    Info: Processing ended: Mon Dec 15 20:31:09 2025
    Info: Elapsed time: 00:00:17
    Info: Total CPU time (on all processors): 00:00:16


